Total Population,Female Population,Male Population,Birth Rate,Death Rate,Compulsory Education Dur.,Employment in Industry(%),Employment in Agriculture(%),Female Employment in Agriculture(%),Female Employment in Industry(%),Unemployment(%),GDP in USD,National Income per Capita,Net income from Abroad,Agriculture value added(in USD),Electric Power Consumption(kWH per capita),Renewable Energy Consumption (%),Fossil Fuel Consumption (%),Male life expectancy,Female life expectancy ,"School enrollment, primary","School enrollment, tertiary",Primary completion rate,Literacy rate,Year,Country,Sum.Total Population
46234830.0,23345532.0,22889298.0,18.18499222797928,6.828164939550949,14.0,20.153996565656563,17.004881406285076,8.655857825364759,11.811210455667789,6.491,632770284408.51,1.5210220345151224,-11327950845.0085,40776787591.3056,2620.2462159809083,21.149982316534043,63.45225495047148,70.19851982378856,76.0727603524229,106.1287104573522,39.5289465704209,95.5224081760743,97.10596383516906,2022,Argentina,1134078842.0
45808747.0,23130548.0,22678199.0,13.902,8.955,14.0,19.95024,7.652854,3.658348,8.571828,8.74,487227125385.641,1.5210220345151224,-9815440124.38405,34746802437.6762,2620.2462159809083,21.149982316534043,63.45225495047148,72.182,78.647,110.156112670898,107.130661010742,105.479530334473,97.10596383516906,2021,Argentina,1134078842.0
45376763.0,22911069.0,22465694.0,14.125,8.509,14.0,20.45702,7.686438,3.685107,9.711953,11.46,385540406815.599,-8.10902704772269,-10004444283.1996,23627716411.4499,2620.2462159809083,9.84,63.45225495047148,72.546,79.285,110.617813110352,99.266227722168,103.837791442871,97.10596383516906,2020,Argentina,1134078842.0
44938712.0,22689693.0,22249019.0,14.783,7.6,14.0,20.15901,7.740676,3.51873,9.009121,9.84,447754686715.081,-5.18459642018371,-17587891666.4229,23814083740.9461,2620.2462159809083,10.74,63.45225495047148,73.857,80.681,111.36531829834,95.0775527954102,100.38289642334,97.10596383516906,2019,Argentina,1134078842.0
44494502.0,22467488.0,22027014.0,15.187,7.68,14.0,20.21364,7.832407,3.544435,8.916409,9.22,524819898586.906,-6.55850119704618,-18725847522.6456,23815691424.2425,2620.2462159809083,10.52,63.45225495047148,73.631,80.329,111.545608520508,90.9728317260742,100.281806945801,97.10596383516906,2018,Argentina,1134078842.0
44044811.0,22244115.0,21800696.0,16.206,7.692,14.0,20.66717,7.939622,3.609233,8.933497,8.35,643628396190.388,4.60834230281147,-16427929421.7894,33672207201.4354,2620.2462159809083,10.37,63.45225495047148,73.526,80.085,111.681457519531,89.2329406738281,101.581809997559,97.10596383516906,2017,Argentina,1134078842.0
43590368.0,22019065.0,21571303.0,16.824,7.947,14.0,21.44575,8.171217,3.699585,9.099798,8.109,557532317363.451,-3.12421939465929,-12280679462.563,34926978989.5764,2620.2462159809083,9.38,63.45225495047148,72.933,79.67,112.944267272949,86.6178817749023,106.544448852539,97.10596383516906,2016,Argentina,1134078842.0
43131966.0,21791540.0,21340426.0,17.346,7.543,14.0,22.1974,8.328097,3.768246,8.996233,7.524,594749285413.212,4.0051994728682,-11133833326.6745,30669352553.9863,2620.2462159809083,9.4,63.45225495047148,73.294,80.188,113.778198242188,83.762580871582,106.053131103516,97.10596383516906,2015,Argentina,1134078842.0
42669500.0,21562981.0,21106519.0,17.504,7.447,13.0,22.20253,8.59409,3.84758,8.257637,7.27,526319673731.638,-4.45635284809352,-10787432518.7927,35330279234.9601,3074.70207056563,9.79,87.7224074796892,73.424,80.004,113.961883544922,81.1694107055664,105.392601013184,97.10596383516906,2014,Argentina,1134078842.0
42202935.0,21332490.0,20870445.0,17.632,7.494,13.0,21.99271,8.723099,3.894209,8.787098,7.1,552025140252.246,0.966808630859191,-11839391690.7098,33413631489.5722,2967.37655805218,8.91,88.9660644106576,73.011,79.927,114.509239196777,78.7686614990234,103.374931335449,97.10596383516906,2013,Argentina,1134078842.0
41733271.0,21099002.0,20634269.0,17.729,7.394,13.0,21.68005,8.91641,3.972565,9.308264,7.22,545982375701.128,-2.66984037790708,-12908767215.1506,31567304377.5225,3000.60352326565,8.61,89.0249070672489,72.939,79.953,116.51634979248,78.4559097290039,103.75479888916,97.10596383516906,2012,Argentina,1134078842.0
41261490.0,20865767.0,20395723.0,17.806,7.51,13.0,21.91248,9.168086,4.082316,9.762455,7.18,530158176673.789,7.90528441704019,-15153584627.747,37104359346.4786,2929.07502855568,8.83,88.8538111244916,72.841,79.322,117.463752746582,77.4296112060547,103.409629821777,97.10596383516906,2011,Argentina,1134078842.0
40788453.0,20633967.0,20154486.0,17.87,7.661,13.0,21.38885,9.527369,4.186704,9.214007,7.71,423627422092.49,10.9708751567258,-14434953219.8032,30213817111.0998,2877.65265331343,8.79,89.503243212831,72.516,78.838,118.234718322754,74.1875305175781,103.408630371094,97.10596383516906,2010,Argentina,1134078842.0
40684338.0,20588981.0,20095357.0,17.849,7.41,13.0,21.17907,9.794848,4.364522,9.452713,8.65,332976484577.619,-8.38122529415624,-10232156785.3141,17559926036.6081,2716.59821526407,8.59,89.6119931478185,72.694,79.07,118.401557922363,71.0374603271484,103.046852111816,97.10596383516906,2009,Argentina,1134078842.0
40273769.0,20387718.0,19886051.0,17.812,7.467,13.0,21.85891,10.08668,4.446283,9.980251,7.84,361558037110.419,4.91948381540219,-8942556247.44473,26462268578.7967,2759.51327028767,7.65,90.6517893541905,72.276,78.927,118.43701171875,68.816291809082,102.386627197266,97.10596383516906,2008,Argentina,1134078842.0
39876111.0,20190730.0,19685381.0,18.005,7.748,13.0,21.66906,10.39929,4.617678,10.20294,8.47,287530508430.568,11.2542751785242,-7536296704.70573,21427791191.1784,2443.84413515149,7.72,89.2253784916497,71.487,78.515,117.350616455078,66.9094467163086,98.6377868652344,97.10596383516906,2007,Argentina,1134078842.0
39476851.0,19992747.0,19484104.0,18.194,7.369,13.0,21.35088,10.75619,4.791856,10.40826,10.08,232557260817.308,19.8348041125684,-7659784206.08108,16129176942.5676,2362.85310598862,9.18,88.653227962763,72.066,78.716,116.316131591797,67.1185913085938,95.8469924926758,97.10596383516906,2006,Argentina,1134078842.0
39070501.0,19791356.0,19279145.0,18.353,7.423,10.0,20.91164,11.25067,5.027263,10.40866,11.51,198737095012.282,6.7181237957536,-22583727006.0044,15777249624.7271,2397.48653338231,9.64,89.0532841465512,71.692,78.527,114.744766235352,63.732349395752,94.82763671875,97.10596383516906,2005,Argentina,1134078842.0
38668796.0,19591795.0,19077001.0,18.352,7.48,10.0,20.33314,11.7402,5.256271,10.59677,13.52,164657930452.787,-1.80359820004759,-18296342135.6323,13769497386.4639,2282.82256318506,9.29,89.3249676255497,71.53,78.103,115.667877197266,64.8878479003906,97.7836380004883,97.10596383516906,2004,Argentina,1134078842.0
38278164.0,19398463.0,18879701.0,18.453,7.864,10.0,19.39623,12.23954,5.451769,10.92192,15.36,127586973492.177,9.63136196225732,-5135021620.33737,13177395614.839,2169.48754386443,10.82,86.0147138119322,70.83,77.276,114.676582336426,64.4024505615234,99.5026397705078,97.10596383516906,2003,Argentina,1134078842.0
37885028.0,19201347.0,18683681.0,18.756,7.518,10.0,17.85655,12.5712,5.737835,9.107543,19.59,97724004251.8602,-12.3046744057822,-4960215219.15838,9974343869.19277,2003.66751741611,11.62,85.8034079487598,70.752,78.075,117.299240112305,62.0592613220215,101.835418701172,97.10596383516906,2002,Argentina,1134078842.0
37480493.0,18996369.0,18484124.0,18.983,7.549,10.0,19.46679,12.32874,5.791825,10.09538,17.32,268696750000.0,-6.05540642051402,-7726781900.0,12275651800.0,2108.99040202059,11.51,85.9945441146675,70.749,77.59,117.307037353516,58.791690826416,99.186408996582,98.9166564941406,2001,Argentina,1134078842.0
37070774.0,18790028.0,18280746.0,19.366,7.6,10.0,20.06481,12.49668,5.857062,10.03665,15.0,284203750000.0,-1.90101341852869,-7547781100.0,13300482400.0,2077.53957335771,9.85,88.3875102923294,70.583,77.223,117.281173706055,54.3332710266113,99.7241821289062,97.10596383516906,2000,Argentina,1134078842.0
36653031.0,18580528.0,18072503.0,19.674,7.615,10.0,20.83085,12.69313,5.978527,10.53213,14.05,283523000000.0,-6.98936143884453,-7463719900.0,12638962300.0,2023.46157948029,8.79,88.279122414155,70.407,76.989,116.60075378418,49.6384315490723,99.4889907836914,97.10596383516906,1999,Argentina,1134078842.0
36233195.0,18370060.0,17863135.0,19.738,7.651,10.0,21.8515,12.89497,6.117105,10.51202,12.65,298948250000.0,1.95292947335189,-7406048600.0,15702922200.0,1958.03875424179,9.62,86.7851176272838,70.149,76.758,113.895248413086,47.9915618896484,101.253288269043,97.10596383516906,1998,Argentina,1134078842.0
35815971.0,18160104.0,17655867.0,19.985,7.778,10.87992125984252,22.37398,13.16964,6.195136,11.37113,14.82,292859000000.0,6.12364607290179,-6217795600.0,15293015300.0,1839.82168178548,9.72,86.8950134337376,69.705,76.464,109.283897399902,39.5289465704209,92.3633880615234,97.10596383516906,1997,Argentina,1134078842.0
35389362.0,17946204.0,17443158.0,20.449,7.541,10.87992125984252,21.80575,13.44502,6.318129,12.15956,17.11,272149750000.0,5.73728665437849,-5502049300.0,15269958100.0,1721.13868568752,8.64,87.6962835342464,70.123,76.418,112.24089050293,39.5289465704209,92.6410675048828,97.10596383516906,1996,Argentina,1134078842.0
34946110.0,17725503.0,17220607.0,20.974,7.535,10.87992125984252,23.5437,13.65196,6.360411,14.63369,18.8,258031750000.0,-6.20045529004155,-4668859300.0,13808477800.0,1643.33025907605,10.18,87.0920956665239,69.95,76.243,106.1287104573522,39.5289465704209,95.5224081760743,97.10596383516906,1995,Argentina,1134078842.0
215313498.0,109580471.0,105733027.0,18.18499222797928,6.828164939550949,14.0,20.153996565656563,17.004881406285076,8.655857825364759,11.811210455667789,9.461,1920095560995.06,1.5210220345151224,-60348376082.2291,130819604592.733,2620.2462159809083,21.149982316534043,63.45225495047148,70.19851982378856,76.0727603524229,106.1287104573522,39.5289465704209,95.5224081760743,99.4199981689453,2022,Brazil,5383162340.0
214326223.0,109034931.0,105291292.0,12.883,8.326,14.0,20.63281,9.689179,4.683888,10.89911,13.34,1649622972159.35,1.5210220345151224,-43200697813.9641,123505974135.509,2620.2462159809083,21.149982316534043,63.45225495047148,69.56,76.009,103.4716796875,56.8306198120117,95.5224081760743,99.2799987792969,2021,Brazil,5383162340.0
213196304.0,108417016.0,104779288.0,13.078,7.42,14.0,20.18665,9.529819,4.5198,10.66962,13.93,1476107292036.59,-6.11134979253384,-30796004686.502,84307648291.9983,2620.2462159809083,50.05,63.45225495047148,70.7,77.375,105.498199462891,54.5727996826172,95.5224081760743,99.2300033569336,2020,Brazil,5383162340.0
211782878.0,107663080.0,104119798.0,13.633,6.572,14.0,20.30546,8.960098,4.024136,10.68523,12.05,1873288159000.64,1.26762556597073,-50293807917.1813,78772031139.1223,2620.2462159809083,47.58,63.45225495047148,72.203,78.469,107.407470703125,52.6240615844727,95.5224081760743,99.0999984741211,2019,Brazil,5383162340.0
210166592.0,106812143.0,103354449.0,14.133,6.516,14.0,20.43067,9.152946,4.130288,10.82579,12.46,1916933708404.16,-0.506035509161251,-53302904773.289,84736124300.2848,2620.2462159809083,46.95,63.45225495047148,71.956,78.266,108.623291015625,51.1916885375977,95.5224081760743,99.0400009155273,2018,Brazil,5383162340.0
208504960.0,105937949.0,102567011.0,14.159,6.493,14.0,20.81443,9.346427,4.2453,10.78497,12.93,2063514688761.67,0.434794510422606,-38577531000.7114,94933885380.6168,2620.2462159809083,45.33,63.45225495047148,71.635,78.032,109.80850982666,50.0267486572266,95.5224081760743,99.1399993896484,2017,Brazil,5383162340.0
206859578.0,105065188.0,101794390.0,14.051,6.538,14.0,21.21403,10.0091,4.711525,10.85299,11.74,1795693265824.27,-3.96710303869961,-38096359804.9256,87833706966.8936,2620.2462159809083,45.46,63.45225495047148,71.092,77.848,108.757843017578,48.3333396911621,95.5224081760743,99.0699996948242,2016,Brazil,5383162340.0
205188205.0,104179516.0,101008689.0,14.727,6.433,14.0,22.57049,10.04079,4.999083,11.77574,8.56,1802211999555.59,-4.5649048699765,-33912090736.4655,77840229265.7647,2620.2462159809083,43.62,63.45225495047148,71.124,77.572,109.152183532715,48.4340400695801,95.5224081760743,98.9599990844727,2015,Brazil,5383162340.0
203459650.0,103274464.0,100185186.0,14.753,6.272,14.0,23.26951,10.19422,5.180388,12.08059,6.76,2456043766063.5,-1.16088802010735,-45766763242.1095,106238887939.756,2610.99928167575,41.71,59.1075326389753,71.191,77.432,110.316459655762,47.1568717956543,95.5224081760743,98.8499984741211,2014,Brazil,5383162340.0
201721767.0,102366380.0,99355387.0,14.69,6.31,14.0,23.32658,11.00035,5.61706,12.35006,7.07,2472819362259.0,3.6517426821672,-34360249601.2742,111447154149.09,2560.09555974195,42.32,58.0180822526514,70.745,77.12,109.945137023926,44.3393707275391,95.5224081760743,98.7399978637695,2013,Brazil,5383162340.0
199977707.0,101450818.0,98526889.0,14.939,6.34,8.0,23.34591,11.34677,5.87285,12.771,7.25,2465228293862.62,1.00569438989592,-61508406061.9924,102758806709.002,2492.83786417253,43.49,56.5488922662768,70.287,76.869,104.7822265625,43.2308502197266,95.5224081760743,98.620002746582,2012,Brazil,5383162340.0
198185302.0,100509286.0,97676016.0,15.309,6.283,8.0,22.75973,11.8259,6.46732,12.11728,7.58,2616156606734.51,4.29531183097565,-67227290209.2421,113594412699.376,2422.57622111654,45.26,54.5687094244576,70.089,76.651,106.1287104573522,39.5289465704209,95.5224081760743,98.4899978637695,2011,Brazil,5383162340.0
196353492.0,99546667.0,96806825.0,15.492,6.199,8.0,23.0075,12.44521,6.984432,12.81187,8.034,2208838108593.19,5.59495481512644,-68231495734.814,90910397754.6016,2366.38012019669,46.81,53.4879028437786,69.844,76.592,106.1287104573522,39.5289465704209,95.5224081760743,97.5141220092773,2010,Brazil,5383162340.0
194517549.0,98581682.0,95935867.0,15.715,6.155,8.0,23.1453,13.26799,7.611293,13.51257,9.42,1666996294324.76,1.64149287300231,-36886423673.8344,74627656549.0979,2189.997777527,48.92,51.3185079919958,69.664,76.299,106.1287104573522,39.5289465704209,95.5224081760743,98.0599975585938,2009,Brazil,5383162340.0
192672317.0,97612571.0,95059746.0,15.943,6.106,8.0,23.68091,13.68068,8.490565,13.88202,8.27,1695855391816.48,2.94600353819581,-41583015487.2484,77464150582.5894,2222.41579209327,47.04,52.5694606110172,69.378,76.134,106.1287104573522,39.5289465704209,95.5224081760743,97.8399963378906,2008,Brazil,5383162340.0
190779453.0,96616434.0,94163019.0,16.372,6.119,8.0,22.96363,14.51204,9.254268,13.53581,9.28,1397114247287.58,6.23420334012417,-29675878072.4769,61709354847.2697,2160.23263259907,47.19,52.6606402553194,68.956,75.88,106.1287104573522,39.5289465704209,95.5224081760743,97.7799987792969,2007,Brazil,5383162340.0
188820682.0,95583318.0,93237364.0,16.852,6.123,8.0,22.4005,15.44589,10.21642,13.33693,9.69,1107626711436.44,4.3810236873049,-27717024446.903,48403772184.4075,2065.19220177374,46.67,53.4228918773252,68.545,75.665,106.1287104573522,39.5289465704209,95.5224081760743,97.5500030517578,2006,Brazil,5383162340.0
186797334.0,94515633.0,92281701.0,17.335,6.106,8.0,22.42803,16.45133,11.13051,13.59182,10.55,891633826582.606,1.83589355921609,-25774173639.4552,41471394557.7387,2008.56721006521,46.13,54.2523211637792,68.252,75.402,106.1287104573522,39.5289465704209,95.5224081760743,97.1100006103516,2005,Brazil,5383162340.0
184722043.0,93418463.0,91303580.0,17.632,6.258,8.0,22.06466,16.97143,11.13335,13.22312,10.07,669289321953.683,4.3570480800683,-19773282834.5089,37917325433.7895,1948.58174018788,45.18,54.6982242959686,67.537,74.916,106.1287104573522,39.5289465704209,95.5224081760743,96.8099975585938,2004,Brazil,5383162340.0
182629278.0,92310672.0,90318606.0,17.85,6.313,8.0,21.96487,16.50105,11.03733,13.1058,11.17,558233724160.742,0.306602051241271,-17715211171.8656,34427303071.876,1873.81236868275,45.11,54.6413284413391,67.206,74.42,106.1287104573522,39.5289465704209,95.5224081760743,96.629997253418,2003,Brazil,5383162340.0
180476685.0,91173105.0,89303580.0,18.574,6.329,8.0,22.51465,16.34461,11.39268,13.01425,10.64,509795270707.268,1.77018851264292,-17102661243.2561,27912692464.7398,1797.26816236679,42.85,57.1539976067783,66.845,74.189,106.1287104573522,39.5289465704209,95.5224081760743,96.3099975585938,2002,Brazil,5383162340.0
178211881.0,89978663.0,88233218.0,19.271,6.303,8.0,22.08649,16.24787,10.92473,13.19458,10.65,559983704075.658,-0.692973035466125,-18181678486.2506,26885058517.6246,1737.97615659531,41.33,58.9496897692736,66.644,73.969,106.1287104573522,39.5289465704209,95.5224081760743,95.8000030517578,2001,Brazil,5383162340.0
175873720.0,88749390.0,87124330.0,19.841,6.399,8.0,22.30052,16.26077,9.668596,13.62818,10.53,655448188246.11,3.56302022586806,-18875699494.1779,31136803844.1387,1885.66546497112,42.66,58.2320639159772,66.262,73.431,106.1287104573522,39.5289465704209,95.5224081760743,94.1841125488281,2000,Brazil,5383162340.0
173486281.0,87504861.0,85981420.0,20.445,6.386,8.0,22.45336,16.49351,8.654486,14.09199,11.13,599642075039.049,-2.82173886102979,-18481104227.9491,27859260112.9077,1820.04593204693,43.98,57.2886743851213,66.381,72.813,148.712951660156,14.6957998275757,95.5224081760743,97.10596383516906,1999,Brazil,5383162340.0
171039804.0,86240036.0,84799768.0,21.06,6.429,8.0,23.20978,15.99647,8.19647,14.17542,10.15,863711007338.683,-1.38890390892641,-17840127931.5247,41026659648.7196,1795.07923196638,43.79,57.3405081357547,66.091,72.432,106.1287104573522,13.4665203094482,95.5224081760743,97.10596383516906,1998,Brazil,5383162340.0
168546707.0,84953439.0,83593268.0,21.477,6.488,10.87992125984252,23.28085,16.67523,8.369973,14.58238,9.0,883206452832.811,1.0745737027521,-14575678723.5522,41378637682.7278,1748.42336136535,43.66,56.681184017131,65.743,72.03,143.482223510742,39.5289465704209,95.5224081760743,97.10596383516906,1997,Brazil,5383162340.0
166037122.0,83659561.0,82377561.0,21.846,6.564,10.87992125984252,23.24207,16.85023,8.196946,14.70481,8.03,850426432991.742,-3.33235895563587,-11374332106.2581,40551829370.2119,1672.631979251,44.48,56.2674339252454,65.376,71.592,106.1287104573522,11.9040498733521,95.5224081760743,97.10596383516906,1996,Brazil,5383162340.0
163515328.0,82360146.0,81155182.0,22.319,6.685,10.87992125984252,23.16334,17.93969,9.518256,14.71134,7.09,769333330439.52,8.52608139074806,-10747133636.0334,38556420523.0657,1619.45062422527,46.08,54.6082522090682,64.905,71.089,106.1287104573522,39.5289465704209,95.5224081760743,97.10596383516906,1995,Brazil,5383162340.0
38929902.0,19583243.0,19346659.0,18.18499222797928,6.828164939550949,10.0,20.153996565656563,17.004881406285076,8.655857825364759,11.811210455667789,5.209,2139840023673.81,1.5210220345151224,-21404400752.5455,9465944329.77169,2620.2462159809083,21.149982316534043,63.45225495047148,70.19851982378856,76.0727603524229,106.1287104573522,39.5289465704209,95.5224081760743,97.10596383516906,2022,Canada,942372634.0
38226498.0,19230969.0,18995529.0,9.6,7.8,10.0,19.2658,1.337711,0.8969356,8.761858,7.46,2001486745423.92,1.5210220345151224,-11625543125.7046,9465944329.77169,2620.2462159809083,21.149982316534043,63.45225495047148,80.621,84.671,96.2922668457031,77.8016510009766,95.5224081760743,97.10596383516906,2021,Canada,942372634.0
38007166.0,19121762.0,18885404.0,9.5,8.1,10.0,19.26472,1.556357,1.026688,8.710409,9.46,1647598402302.68,-7.82143934508784,-12841938398.7368,9465944329.77169,2620.2462159809083,23.85,63.45225495047148,79.49,83.96,97.7384185791016,74.1571426391602,95.5224081760743,97.10596383516906,2020,Canada,942372634.0
37601230.0,18921017.0,18680213.0,9.9,7.6,10.0,19.25113,1.510478,1.001588,8.344099,5.66,1743725183672.52,0.978530920910998,-20779422610.861,29592400071.463,2620.2462159809083,22.47,63.45225495047148,80.18,84.38,97.7884292602539,72.8150634765625,95.5224081760743,97.10596383516906,2019,Canada,942372634.0
37065084.0,18659541.0,18405543.0,10.1,7.7,10.0,19.57131,1.486745,0.9363671,8.463358,5.83,1725297938435.76,0.120194637916399,-29334368027.072,29328194320.2369,2620.2462159809083,21.92,63.45225495047148,79.8,83.99,99.0210189819336,69.5775985717773,95.5224081760743,97.10596383516906,2018,Canada,942372634.0
36545236.0,18406916.0,18138320.0,10.3,7.5,10.0,19.53366,1.518612,0.9619732,8.486851,6.34,1649265644244.09,3.94780673121747,-20974072080.866,31171032151.0368,2620.2462159809083,22.35,63.45225495047148,79.75,84.02,98.7742080688477,70.6271591186523,95.5224081760743,97.10596383516906,2017,Canada,942372634.0
36109487.0,18192222.0,17917265.0,10.6,7.4,10.0,19.47841,1.944528,1.129702,8.651059,7.0,1527994741907.43,-0.211138436577443,-18668313909.4663,28454713729.5458,2620.2462159809083,21.62,63.45225495047148,79.92,84.03,98.5470275878906,69.5068588256836,95.5224081760743,97.10596383516906,2016,Canada,942372634.0
35702908.0,17988513.0,17714395.0,10.7,7.4,10.0,19.92307,1.643415,1.015167,8.557106,6.91,1556508816217.14,-3.53043317108977,-23844486211.652,29104161348.0672,2620.2462159809083,21.83,74.089062024806,79.84,83.89,99.8411407470703,67.4031677246094,95.5224081760743,97.10596383516906,2015,Canada,942372634.0
35437435.0,17855282.0,17582153.0,10.9,7.3,10.0,20.17706,1.714031,1.056316,8.615779,6.91,1805749878439.94,1.42377259830727,-29178622922.1416,28649089979.3945,15588.4871464315,21.83,73.1928743182183,79.76,83.91,99.4990463256836,67.2278594970703,95.5224081760743,97.10596383516906,2014,Canada,942372634.0
35082954.0,17680038.0,17402916.0,10.9,7.2,10.0,20.32709,1.774879,1.085784,8.744688,7.07,1846597421834.98,1.44060964678785,-28124404589.2011,34978830269.318,15750.8116334788,21.84,73.1735157237361,79.74,83.85,99.3510589599609,65.774299621582,95.5224081760743,97.10596383516906,2013,Canada,942372634.0
34714222.0,17500980.0,17213242.0,11.0,7.1,10.0,20.46259,1.752882,1.114044,9.019846,7.29,1828366481521.6,0.488209556851999,-32442609375.4632,33118038446.1077,15336.6248565213,21.44,74.4394791451663,79.61,83.82,99.4407119750977,63.6187591552734,95.5224081760743,97.10596383516906,2012,Canada,942372634.0
34339328.0,17318412.0,17020916.0,11.0,7.1,10.0,20.28539,1.787921,1.098763,9.002138,7.51,1793326630174.52,3.21847229215714,-33872856854.8681,31664131072.9025,15644.54027755,21.17,74.6917469799152,79.39,83.68,98.5558700561523,63.154899597168,95.5224081760743,97.10596383516906,2011,Canada,942372634.0
34004889.0,17152260.0,16852629.0,11.2,7.0,10.0,20.15052,1.807495,1.114358,8.573561,8.06,1617343367486.26,4.73109739747133,-31965433370.1396,24150754718.8512,15269.745476893,21.13,75.3853926921305,79.21,83.54,99.1202697753906,61.8762588500977,95.5224081760743,97.10596383516906,2010,Canada,942372634.0
33628895.0,16962677.0,16666218.0,11.4,7.1,10.0,20.28522,1.954076,1.19574,8.969592,8.34,1374625142157.29,-7.43992359070211,-23668970343.8019,21305222640.189,15450.7306885938,21.94,75.0660005129962,78.91,83.33,99.5911026000977,63.6141700744629,95.5224081760743,97.10596383516906,2009,Canada,942372634.0
33247118.0,16769997.0,16477121.0,11.5,7.2,10.0,21.45989,1.940858,1.211046,9.738817,6.14,1552989690721.65,0.0998438567298336,-22817244611.059,27461105904.4049,16377.4796961349,21.3,75.0760026838519,78.51,83.05,98.5952835083008,64.2995529174805,95.5224081760743,97.10596383516906,2008,Canada,942372634.0
32889025.0,16588349.0,16300676.0,11.3,7.1,10.0,21.6659,2.000905,1.309768,10.23754,6.04,1468820407783.26,2.13213892464242,-21620891909.5056,23312540731.7754,16683.1336593286,21.26,74.7355837888856,78.29,82.91,99.5356979370117,63.8258285522461,95.5224081760743,97.10596383516906,2007,Canada,942372634.0
32571174.0,16427040.0,16144134.0,11.0,7.0,10.0,22.1062,2.112003,1.388686,10.48949,6.32,1319264809590.97,2.62118411938552,-20994358251.0578,22440937940.7616,16508.3395520223,21.18,74.5630719142971,78.29,82.91,99.7602920532227,39.5289465704209,95.5224081760743,97.10596383516906,2006,Canada,942372634.0
32243753.0,16263118.0,15980635.0,10.7,7.1,10.0,22.6905,2.122047,1.35805,10.83031,6.76,1173108598778.68,4.47054414965626,-23986631457.3362,22058095395.2798,16948.2752209397,21.26,75.745137887563,77.82,82.52,98.5796737670898,39.5289465704209,95.5224081760743,97.10596383516906,2005,Canada,942372634.0
31940655.0,16112389.0,15828266.0,10.6,7.1,10.0,23.0488,2.023168,1.289183,11.34934,7.19,1026690238278.25,3.03708167414058,-22129131437.3559,22256725595.6956,17264.7367438144,21.58,75.1971356476301,77.68,82.42,99.4190063476562,39.5289465704209,95.5224081760743,97.10596383516906,2004,Canada,942372634.0
31644028.0,15963984.0,15680044.0,10.6,7.1,10.0,22.97342,2.107053,1.325194,11.36049,7.57,895540646634.787,3.95453986912926,-22028406252.2304,18386267932.3389,17208.5235166648,21.18,76.5470387654659,77.32,82.23,106.1287104573522,39.5289465704209,95.5224081760743,97.10596383516906,2003,Canada,942372634.0
31360079.0,15821973.0,15538106.0,10.5,7.1,10.0,23.22987,2.116884,1.364127,11.53344,7.66,760649334098.005,2.02728687891663,-19246797935.3852,15118842796.1512,16960.639671858,21.77,75.1633668641508,77.16,82.02,106.1287104573522,58.4150009155273,95.5224081760743,97.10596383516906,2002,Canada,942372634.0
31020902.0,15654835.0,15366067.0,10.8,7.1,10.0,23.06283,2.160141,1.346387,11.3391,7.22,738962729044.525,0.179100624281475,-20807185336.3313,15650422706.1988,16840.1937506524,21.53,76.1549534400917,76.92,82.0,106.1287104573522,39.5289465704209,95.5224081760743,97.10596383516906,2001,Canada,942372634.0
30685730.0,15492171.0,15193559.0,10.7,7.1,10.0,23.29417,2.515508,1.656495,11.48429,6.83,744773415931.587,5.49739217357094,-19541445020.5373,15578075550.468,17037.0722808289,22.04,76.1025718116541,76.64,81.82,99.4177627563477,58.5191192626953,98.2629928588867,97.10596383516906,2000,Canada,942372634.0
30401286.0,15353411.0,15047875.0,11.1,7.2,10.0,23.12161,2.805973,1.945181,11.52506,7.58,678409995711.893,4.61283539357129,-22834280108.9038,14899325703.484,16678.932595154,22.18,75.6377547258236,76.2,81.61,98.7014389038086,59.6460494995117,97.4452896118164,97.10596383516906,1999,Canada,942372634.0
30155173.0,15229531.0,14925642.0,11.4,7.2,10.0,23.11725,2.990998,2.066315,11.47321,8.28,633997734246.945,1.43812461940047,-21331234856.0183,13741103572.1262,16435.7869875262,21.98,75.8827561782628,75.97,81.41,98.3821105957031,58.9008407592773,94.7758407592773,97.10596383516906,1998,Canada,942372634.0
29905948.0,15103624.0,14802324.0,11.7,7.2,10.87992125984252,23.05706,3.007312,2.041909,11.44867,9.1,654987932556.605,3.7546180122481,-20318532472.4637,14013453437.7142,16653.6770544776,21.78,74.7361057993359,75.71,81.25,106.1287104573522,39.5289465704209,95.5224081760743,97.10596383516906,1997,Canada,942372634.0
29610218.0,14956383.0,14653835.0,12.4,7.2,10.87992125984252,22.75039,3.112288,2.096816,11.12472,9.62,630597987889.282,0.45049520154889,-20951629405.2352,9465944329.77169,16607.2063366774,22.02,73.2370849547728,75.43,81.15,102.319442749023,88.7950210571289,95.5224081760743,97.10596383516906,1996,Canada,942372634.0
29302311.0,14799796.0,14502515.0,12.9,7.2,10.87992125984252,22.928,3.153484,2.123752,11.28634,9.49,605941036992.133,2.70433901365578,-20873689851.207,9465944329.77169,16532.382036352,22.39,72.5201814385532,75.07,81.03,101.823188781738,90.4640579223633,95.5224081760743,97.10596383516906,1995,Canada,942372634.0
19603733.0,9874202.0,9729531.0,18.18499222797928,6.828164939550949,12.0,20.153996565656563,17.004881406285076,8.655857825364759,11.811210455667789,7.784,301025249437.947,1.5210220345151224,-16571854313.0416,10669495878.7394,2620.2462159809083,21.149982316534043,63.45225495047148,70.19851982378856,76.0727603524229,106.1287104573522,39.5289465704209,95.5224081760743,99.120002746582,2022,Chile,472138984.0
19493184.0,9818162.0,9675022.0,11.788,7.426,12.0,23.0002,6.58244,3.534314,10.85817,9.35,316713577508.673,1.5210220345151224,-18469263253.9538,11545315867.9711,2620.2462159809083,21.149982316534043,63.45225495047148,76.472,81.437,99.3652267456055,96.2227935791016,99.2180786132812,97.10596383516906,2021,Chile,472138984.0
19300315.0,9720358.0,9579957.0,11.834,7.221,12.0,21.86855,7.283526,3.946902,10.42481,11.14,254096103516.324,-4.6887262874787,-15845090525.0054,10270537940.005,2620.2462159809083,26.73,63.45225495047148,76.745,82.041,99.7043991088867,89.1124877929688,97.9685821533203,97.10596383516906,2020,Chile,472138984.0
19039485.0,9589081.0,9450404.0,11.855,6.346,12.0,22.22464,9.069173,4.828965,10.11656,7.27,278493308134.096,-0.429734080132675,-10432736884.4398,11093279867.8226,2620.2462159809083,25.27,63.45225495047148,77.894,82.711,101.193206787109,92.0659713745117,97.4453201293945,97.10596383516906,2019,Chile,472138984.0
18701450.0,9420150.0,9281300.0,11.94,6.327,12.0,22.30843,9.29988,5.272974,10.14019,7.21,295402646018.151,-0.620718849031078,-12107785030.4188,11601749641.9751,2620.2462159809083,25.46,63.45225495047148,77.684,82.527,101.538017272949,91.1974792480469,98.1518325805664,97.10596383516906,2018,Chile,472138984.0
18368577.0,9254198.0,9114379.0,12.13,6.139,12.0,22.71872,9.340508,5.443512,10.73857,6.95,276364936832.331,-0.687555419950058,-10743439283.712,11831104496.2065,2620.2462159809083,24.1,63.45225495047148,78.015,82.601,101.396278381348,89.921989440918,98.1549530029297,99.0100021362305,2017,Chile,472138984.0
18083879.0,9111944.0,8971935.0,12.7,6.107,12.0,23.21119,9.342858,5.228951,11.07643,6.73,249298706449.182,-1.46126355043693,-6935554010.70161,10468275485.2698,2620.2462159809083,24.55,63.45225495047148,77.496,82.57,101.585189819336,88.8458862304688,98.3978424072266,97.10596383516906,2016,Chile,472138984.0
17870124.0,9004176.0,8865948.0,13.211,6.121,12.0,23.71321,9.181175,4.737193,11.34265,6.49,242496655711.515,3.27814328853005,-5952333054.7281,8995181314.57985,2620.2462159809083,25.06,74.6472122625678,77.035,82.384,101.712509155273,86.4181137084961,97.77294921875,99.3499984741211,2015,Chile,472138984.0
17687108.0,8911559.0,8775549.0,13.545,6.12,12.0,23.82938,9.202718,4.780826,10.97631,6.65,259405194672.935,2.59346184019181,-11509954441.6444,10237738928.2398,3895.43615609742,26.95,73.2505438289352,76.736,82.145,101.930870056152,83.6629791259766,98.1664199829102,97.10596383516906,2014,Chile,472138984.0
17509925.0,8821765.0,8688160.0,13.697,6.037,12.0,24.2276,9.353033,4.963104,10.74834,6.2,277239473853.807,2.14971427573624,-12344177291.0407,9629567484.03585,3893.50611153389,30.23,68.6498020919416,76.579,82.034,102.084899902344,79.8703384399414,96.9979019165039,99.0599975585938,2013,Chile,472138984.0
17341771.0,8736587.0,8605184.0,13.857,6.074,12.0,23.80023,10.09425,5.140961,10.72087,6.64,267175870677.659,6.5992765831012,-14632200402.3288,8749832198.58778,3820.37105668158,30.31,70.0394421491718,76.379,81.596,103.369781494141,75.0770721435547,97.4051208496094,97.10596383516906,2012,Chile,472138984.0
17173573.0,8651768.0,8521805.0,14.109,5.805,12.0,23.34036,10.39257,5.299255,10.40612,7.32,251224856981.294,6.65375431693207,-21878165263.7401,9109873648.1157,3596.10664594956,28.79,76.6791171838768,76.451,81.684,103.170486450195,70.8241806030273,95.0724105834961,99.4100036621094,2011,Chile,472138984.0
17004162.0,8566179.0,8437983.0,14.327,5.962,12.0,22.93769,10.6824,5.220588,10.19913,8.41,217105434199.5,8.36507507528862,-14059109794.4632,7551544952.77633,3318.30524785638,27.04,77.6066722281967,75.734,81.213,103.219367980957,66.3445205688477,95.5224081760743,97.10596383516906,2010,Chile,472138984.0
16833447.0,8479648.0,8353799.0,14.464,5.612,12.0,22.92223,11.07608,5.170135,10.35883,11.31,171412643623.963,4.05327840395069,-11740711222.1201,6337343053.21639,3306.86875955947,31.53,73.4740266778671,75.941,81.481,105.763893127441,59.9912910461426,95.5224081760743,99.3600006103516,2009,Chile,472138984.0
16661462.0,8392524.0,8268938.0,14.459,5.557,12.0,23.15624,11.38525,5.044109,10.53382,9.29,179663390874.653,2.88606055993361,-14136118648.0058,6152451118.91064,3347.66540895391,30.83,75.1842669453794,75.674,81.25,106.873870849609,56.7743988037109,95.5224081760743,97.10596383516906,2008,Chile,472138984.0
16495538.0,8308544.0,8186994.0,14.301,5.754,12.0,23.19288,11.85849,5.014338,10.80756,8.43,172565861848.899,7.24523283113766,-16938241590.9225,6127073599.94385,3346.48072709117,30.46,76.0264465018648,75.043,80.549,106.517280578613,54.7230491638184,95.5224081760743,97.10596383516906,2007,Chile,472138984.0
16334575.0,8227292.0,8107283.0,14.139,5.352,12.0,23.22504,12.30888,4.97955,11.05501,9.02,153840051814.059,2.28949206053886,-16436424384.1403,5710612172.3634,3226.34656855168,32.91,74.0091485100545,75.512,80.917,105.66822052002,49.3216896057129,95.5224081760743,99.120002746582,2006,Chile,472138984.0
16175311.0,8146398.0,8028913.0,14.169,5.301,12.0,23.21911,12.71797,4.95659,11.2667,9.34,122314960843.922,7.89068501497532,-9659018418.0039,4797451996.05193,3097.06564529115,32.26,74.2447072338637,74.912,81.078,105.35050201416,50.2735595703125,95.5224081760743,97.10596383516906,2005,Chile,472138984.0
16017966.0,8065716.0,7952250.0,14.379,5.293,12.0,23.29994,13.14452,4.925622,11.52543,10.16,99079365628.3333,6.51547157701049,-7301322353.83868,3723665938.43609,3063.87215455445,31.44,75.1835361760022,74.479,80.72,105.627876281738,44.3284606933594,95.5224081760743,97.10596383516906,2004,Chile,472138984.0
15859112.0,7984278.0,7874834.0,14.802,5.247,12.0,23.39477,13.59952,4.896039,11.75993,9.77,76507853875.6649,1.64954678740827,-3877220658.15974,3132824726.731,2896.06378970021,31.62,74.5634411648975,74.306,80.433,101.061790466309,43.5181999206543,95.5224081760743,99.1100006103516,2003,Chile,472138984.0
15693790.0,7899562.0,7794228.0,15.367,5.035,8.0,23.85739,13.49798,4.726481,12.02252,10.17,70295232513.0515,1.77253367557371,-2703794754.4767,2857524573.08606,2726.23757549961,33.07,73.200718363679,74.252,80.582,101.286972045898,40.2664985656738,95.5224081760743,98.9909820556641,2002,Chile,472138984.0
15523978.0,7812407.0,7711571.0,15.658,5.157,8.0,23.92415,13.60369,4.647198,12.90875,10.39,71517267767.736,2.48644159083398,-2348171040.75724,2905331978.17111,2627.35492152849,32.15,73.1069712499615,73.6,79.921,106.1287104573522,39.5289465704209,95.5224081760743,97.10596383516906,2001,Chile,472138984.0
15351799.0,7724144.0,7627655.0,15.963,4.959,8.0,23.39356,14.43747,4.610576,12.25967,10.49,78249883995.6255,2.74728750135421,-2736318632.78281,3977412205.41623,2497.75286922399,31.36,74.511496953145,73.714,79.977,101.363563537598,35.4313201904297,95.5224081760743,99.0999984741211,2000,Chile,472138984.0
15176410.0,7634572.0,7541838.0,16.526,5.246,8.0,23.4228,14.43377,4.630034,12.58812,11.16,75596598517.3586,-2.30731542346697,-2146855529.86576,4002116673.78614,2390.81574627992,29.06,77.164219596618,72.93,79.09,105.060707092285,35.5736618041992,95.5224081760743,97.10596383516906,1999,Chile,472138984.0
14996742.0,7543261.0,7453481.0,17.195,5.258,8.0,25.521,14.43869,4.536949,13.79981,7.31,81995749804.4157,5.07053111690692,-1835606560.68218,4423040865.32873,2174.20557078331,29.75,75.5271603580318,72.611,78.72,104.106552124023,32.1894683837891,95.5224081760743,97.10596383516906,1998,Chile,472138984.0
14809289.0,7447970.0,7361319.0,17.847,5.138,10.87992125984252,27.29544,14.42121,4.478052,14.34895,7.14,85728899954.449,6.30862220713786,-2611680222.26992,4292060427.84575,2066.13565310259,29.96,74.6555642987889,72.335,78.86,79.1882171630859,30.228759765625,95.5224081760743,97.10596383516906,1997,Chile,472138984.0
14615483.0,7349293.0,7266190.0,18.542,5.337,10.87992125984252,26.59104,15.40843,5.280634,14.89278,7.41,78575020639.4728,4.81561478103427,-2505727684.3467,3944119347.91397,1922.82389846439,32.23,72.3916588764254,71.641,78.196,101.50350189209,29.2319793701172,95.5224081760743,97.10596383516906,1996,Chile,472138984.0
14416796.0,7248290.0,7168506.0,19.155,5.352,10.87992125984252,26.06005,15.70516,5.340829,14.51095,4.7,73446446283.0164,12.6566129613152,-2788478728.40917,5143479719.90726,1741.02484352279,34.17,70.0078144077878,71.429,77.812,106.1287104573522,27.3324699401855,95.5224081760743,97.10596383516906,1995,Chile,472138984.0
51874024.0,26298417.0,25575607.0,18.18499222797928,6.828164939550949,12.0,20.153996565656563,17.004881406285076,8.655857825364759,11.811210455667789,10.726,343939445259.487,1.5210220345151224,-13495706163.8106,28510549865.4764,2620.2462159809083,21.149982316534043,63.45225495047148,70.19851982378856,76.0727603524229,106.1287104573522,39.5289465704209,95.5224081760743,97.10596383516906,2022,Colombia,1230773014.0
51516562.0,26101320.0,25415242.0,14.204,7.735,12.0,20.14733,15.92783,6.565719,12.56857,13.9,318511813576.972,1.5210220345151224,-5558131113.68938,24319461003.8118,2620.2462159809083,21.149982316534043,63.45225495047148,69.404,76.442,106.488357543945,58.3159217834473,99.1944732666016,99.0500030517578,2021,Colombia,1230773014.0
50930662.0,25791074.0,25139588.0,14.435,6.606,12.0,20.06682,16.60805,6.967874,13.05939,15.04,270150956772.567,-8.08058814422878,-2834881680.24277,20169898854.4723,2620.2462159809083,31.31,63.45225495047148,71.537,78.136,107.083686828613,55.7331085205078,99.6276016235352,99.0,2020,Colombia,1230773014.0
50187406.0,25408105.0,24779301.0,14.682,5.411,12.0,20.12389,15.76901,6.530596,14.35179,9.96,323031701210.767,1.62648954903936,-7050171724.08969,20708660530.1559,2620.2462159809083,31.5,63.45225495047148,73.8,79.721,109.355506896973,56.6663017272949,103.543678283691,98.8300018310547,2019,Colombia,1230773014.0
49276961.0,24945907.0,24331054.0,14.841,5.311,12.0,19.99092,16.70848,7.75567,14.83229,9.11,334198218100.716,0.307966972687623,-8273494317.55797,20806210846.7679,2620.2462159809083,30.57,63.45225495047148,73.842,79.66,111.699180603027,57.3205413818359,105.578002929688,98.8499984741211,2018,Colombia,1230773014.0
48351671.0,24477100.0,23874571.0,15.081,5.249,12.0,19.41631,16.53367,7.685152,13.93088,8.87,311866875135.576,-0.560071272114811,-5339342668.33126,19927244053.4236,2620.2462159809083,32.38,63.45225495047148,73.759,79.535,113.305381774902,58.3960418701172,106.373252868652,98.6699981689453,2017,Colombia,1230773014.0
47625955.0,24107989.0,23517966.0,15.353,5.213,12.0,19.41331,16.00637,7.1919,13.28406,8.69,282720100286.228,1.65090164700939,-3126743921.53846,18677655383.9205,2620.2462159809083,30.6,63.45225495047148,73.519,79.44,115.443153381348,57.1437492370605,103.139930725098,98.6699981689453,2016,Colombia,1230773014.0
47119728.0,23847354.0,23272374.0,15.585,5.168,12.0,19.82478,16.00625,7.157782,13.95737,8.3,293492370228.847,2.98217610381354,-3824885156.79281,17552090520.2152,2620.2462159809083,31.46,63.45225495047148,73.252,79.292,115.497077941895,54.7961311340332,102.409233093262,98.5299987792969,2015,Colombia,1230773014.0
46677947.0,23617367.0,23060580.0,15.834,5.106,10.0,19.78462,16.22947,6.909979,14.29615,8.57,381240864422.407,4.45332111040102,-10833014759.3455,20766026770.2095,1320.34513000325,32.22,76.685692626894,72.985,79.139,116.080101013184,53.1794395446777,102.689872741699,98.5299987792969,2014,Colombia,1230773014.0
46237930.0,23387544.0,22850386.0,16.088,5.041,10.0,19.63695,16.60016,6.972432,14.69065,9.05,382093697077.685,5.24073142216639,-13212620291.6697,20605223942.4901,1317.96557501601,32.13,76.7621271757288,72.725,78.972,119.084732055664,50.7474899291992,103.585823059082,98.2699966430664,2013,Colombia,1230773014.0
45782417.0,23149997.0,22632420.0,16.344,4.982,10.0,20.66408,17.40779,7.510195,15.91803,9.74,370691143086.761,4.83888819277422,-14176215022.7056,20694526453.7586,1177.56998281677,28.8,75.5498801460362,72.455,78.787,118.63996887207,47.4669914245605,113.55069732666,98.1699981689453,2012,Colombia,1230773014.0
45308899.0,22903701.0,22405198.0,16.609,4.945,10.0,20.65997,17.81124,6.979973,16.02494,10.11,334966134865.305,4.52430527692771,-14204417348.3284,20405119001.452,1148.56024199573,28.74,75.7184354780395,72.141,78.548,121.831283569336,45.2873306274414,118.851791381836,98.2399978637695,2011,Colombia,1230773014.0
44816108.0,22648175.0,22167933.0,16.909,4.924,10.0,20.00037,18.37932,6.920776,15.81771,10.98,286498534094.963,3.55343766742465,-9959465454.79918,18120613639.5651,1104.49126907673,29.63,76.9531038680444,71.817,78.301,124.375137329102,41.529670715332,119.824157714844,98.0999984741211,2010,Colombia,1230773014.0
44313917.0,22387951.0,21925966.0,17.275,4.912,10.0,19.91743,18.37897,6.082415,15.82199,11.32,232468666665.153,2.83491615464968,-6907217159.00499,15551551000.017,1076.09534945873,30.78,77.3071269847468,71.487,78.054,128.164978027344,39.5088005065918,119.897972106934,97.9400024414062,2009,Colombia,1230773014.0
43815313.0,22128690.0,21686623.0,17.702,4.947,10.0,20.03915,18.04765,5.923139,15.44353,10.52,242504150472.931,3.09767132865193,-8374986483.13413,16217185820.3306,998.372418336941,29.85,74.9778163959633,70.933,77.731,126.483901977539,37.9448013305664,114.712371826172,97.9899978637695,2008,Colombia,1230773014.0
43306582.0,21863669.0,21442913.0,18.173,4.993,10.0,22.02107,17.27776,5.559278,17.81371,10.25,206229536757.674,8.10246414550461,-6355245977.61779,14301108233.617,998.416360820164,30.3,74.4102216684992,70.374,77.391,125.468856811523,35.4785308837891,114.754417419434,97.9686279296875,2007,Colombia,1230773014.0
42772910.0,21586300.0,21186610.0,18.688,5.016,10.0,20.21137,19.50452,6.167696,16.30627,10.963,161792959247.85,4.88404198767273,-4300018324.4717,11627687098.071,970.66110302058,29.58,75.2795821410578,69.961,77.075,124.619491577148,34.3662109375,113.180770874023,97.883171081543,2006,Colombia,1230773014.0
42220940.0,21300552.0,20920388.0,19.265,5.072,10.0,20.03893,20.70777,7.143689,16.79823,11.87,145600527535.771,4.13677011427845,-3720168054.22975,10959740026.8154,918.406837933973,28.94,75.922871130917,69.513,76.766,124.040641784668,32.253978729248,107.444198608398,97.9700012207031,2005,Colombia,1230773014.0
41648268.0,21004780.0,20643488.0,19.853,5.134,10.0,20.241,19.91201,7.078929,17.12759,13.72,117092416651.395,4.20517469343906,-4064656537.21796,9263161365.63814,921.55092739991,29.04,74.9256405985985,69.032,76.495,122.84008026123,29.5034599304199,104.35856628418,97.9400024414062,2004,Colombia,1230773014.0
41057687.0,20699708.0,20357979.0,20.444,5.179,10.0,19.31598,21.24356,7.790804,16.80391,14.19,94644969146.1352,0.769942160990581,-3232541931.14961,7882765738.83047,885.510184731059,30.55,73.97276515168,68.622,76.252,106.1287104573522,39.5289465704209,95.5224081760743,97.5,2003,Colombia,1230773014.0
40454050.0,20387507.0,20066543.0,21.021,5.26,10.0,19.75942,20.54742,6.598665,17.0799,15.63,97945812789.8533,0.548510534139311,-2630908535.4122,8335193738.92283,882.359121027437,28.63,74.9478565303415,68.076,75.981,121.778861999512,26.5130996704102,97.1735610961914,97.4400024414062,2002,Colombia,1230773014.0
39837875.0,20068231.0,19769644.0,21.576,5.35,10.0,19.07099,20.86644,7.034397,16.41063,15.04,98200641189.1568,0.707198232179749,-2423505778.60133,8171248521.67058,874.996470067743,27.08,76.676128274349,67.545,75.66,121.088790893555,26.3812599182129,96.9997787475586,97.10596383516906,2001,Colombia,1230773014.0
39215135.0,19745250.0,19469885.0,22.114,5.351,10.0,18.27562,20.23885,7.240906,16.00019,20.52,99875074935.083,-1.78028232132705,-2156426855.83967,8295343607.78799,854.542512731373,27.85,76.0141392594484,67.312,75.542,124.298286437988,25.5096893310547,100.224639892578,97.10596383516906,2000,Colombia,1230773014.0
38585033.0,19418369.0,19166664.0,22.649,5.432,10.0,18.06876,19.52259,7.412514,16.14443,20.06,86278947620.5906,-8.35057260527535,-1354871706.04875,11216928847.5505,836.61973283786,28.99,73.5290672778214,66.884,75.195,120.606903076172,23.6967697143555,96.544059753418,97.10596383516906,1999,Colombia,1230773014.0
37944414.0,19086067.0,18858347.0,23.165,5.442,10.0,19.685,18.54424,6.829857,16.31348,15.0,98486358604.1784,-2.02583668985456,-1696246644.54063,13035447263.5243,904.164707880322,25.82,77.2616621371885,66.662,75.053,121.07396697998,24.204740524292,95.0913391113281,97.10596383516906,1998,Colombia,1230773014.0
37291946.0,18747885.0,18544061.0,23.731,5.476,10.87992125984252,19.78948,18.25154,6.672114,15.93278,12.14,106656492324.769,1.74351783890494,-2325441715.8339,13445619933.6906,928.377403528365,25.67,75.8506781474481,66.431,74.798,106.1287104573522,21.6760997772217,95.5224081760743,97.10596383516906,1997,Colombia,1230773014.0
36632573.0,18406405.0,18226168.0,24.351,5.536,10.87992125984252,20.16368,18.55151,6.581653,16.0995,11.81,97153389010.9466,-1.68000601134824,-2062553792.7259,12405340420.452,922.130149034303,33.62,69.9040797625358,66.13,74.5,118.326477050781,18.4493103027344,89.6014175415039,96.995002746582,1996,Colombia,1230773014.0
35970101.0,18063499.0,17906602.0,24.939,5.58,10.87992125984252,21.61411,18.23942,6.556146,16.40613,8.72,92495970511.3951,2.46160115216803,-1596081144.16225,12966146161.3877,932.024071881255,33.54,69.5103220656371,65.885,74.24,114.107231140137,17.1475601196289,88.5218200683594,97.10596383516906,1995,Colombia,1230773014.0
18001000.0,9016398.0,8984602.0,18.18499222797928,6.828164939550949,15.0,20.153996565656563,17.004881406285076,8.655857825364759,11.811210455667789,3.955,115049476000.0,1.5210220345151224,-1708956000.0,10172241000.0,2620.2462159809083,21.149982316534043,63.45225495047148,70.19851982378856,76.0727603524229,97.5341033935547,39.5289465704209,99.6715698242188,99.1310272216797,2022,Ecuador,411056720.0
17797737.0,8910902.0,8886835.0,16.817,6.719,15.0,16.83416,32.17831,30.21118,9.033172,4.5,106165866000.0,1.5210220345151224,-1664606000.0,9994760000.0,2620.2462159809083,21.149982316534043,63.45225495047148,70.26,77.462,96.8438568115234,39.5289465704209,95.6902465820312,96.3300018310547,2021,Ecuador,411056720.0
17588595.0,8798447.0,8790148.0,17.037,7.534,15.0,15.88114,31.77071,28.38603,9.02778,6.11,99291124000.0,-11.1847626167532,-2645277000.0,9772958000.0,2620.2462159809083,20.1,63.45225495047148,68.765,76.056,97.683967590332,57.9376602172852,98.2158584594727,95.0800018310547,2020,Ecuador,411056720.0
17343740.0,8670973.0,8672767.0,17.338,4.913,15.0,17.21408,29.74193,27.18145,9.835196,3.81,108108009000.0,-2.72992950200293,-3173507000.0,9514079000.0,2620.2462159809083,17.73,63.45225495047148,74.699,79.953,99.0661926269531,48.0878791809082,99.7453689575195,94.879997253418,2019,Ecuador,411056720.0
17015672.0,8506021.0,8509651.0,17.658,4.911,15.0,18.52643,28.8247,26.13457,10.84587,3.53,107562008000.0,-2.935210763409,-2956570000.0,9626014000.0,2620.2462159809083,16.33,63.45225495047148,74.623,79.604,101.090873718262,48.327880859375,103.487617492676,96.5,2018,Ecuador,411056720.0
16696944.0,8346244.0,8350700.0,17.996,4.872,15.0,18.5526,27.69385,24.79394,11.13265,3.84,104295862000.0,1.27619570528501,-2437655000.0,9730031000.0,2620.2462159809083,17.05,63.45225495047148,74.577,79.395,101.726547241211,39.5289465704209,104.953086853027,97.5400009155273,2017,Ecuador,411056720.0
16439585.0,8217459.0,8222126.0,18.224,4.86,15.0,18.62481,26.94193,23.84563,10.60709,4.6,99937696000.0,-3.81968950527414,-1909057000.0,9513086000.0,2620.2462159809083,14.75,63.45225495047148,74.41,79.137,103.511901855469,39.5289465704209,103.157981872559,97.0,2016,Ecuador,411056720.0
16195902.0,8095675.0,8100227.0,18.74,4.773,15.0,19.65953,26.19157,22.59807,11.1932,3.62,99290381000.0,-3.01853680011266,-1789124000.0,9387758000.0,2620.2462159809083,13.07,63.45225495047148,74.391,79.209,106.553497314453,44.9455184936523,106.151206970215,97.25,2015,Ecuador,411056720.0
15957994.0,7976779.0,7981215.0,19.339,4.752,15.0,19.95493,25.28037,20.13503,11.40106,3.48,101726331000.0,2.10870870671023,-1582040000.0,9284062000.0,1375.86215410283,12.18,86.8846603647343,74.146,79.124,112.100112915039,39.5289465704209,112.32421875,97.2699966430664,2014,Ecuador,411056720.0
15722989.0,7859194.0,7863795.0,20.1,4.762,15.0,19.08072,26.6496,20.74695,11.37994,3.08,95129659000.0,5.14896839315024,-1467535000.0,8342246000.0,1328.05537165993,11.85,86.7705451864697,73.777,78.997,111.049880981445,40.0047416687012,109.201446533203,95.5299987792969,2013,Ecuador,411056720.0
15483883.0,7739326.0,7744557.0,21.004,4.793,15.0,17.52,27.98123,21.04279,10.62312,3.23,87924544000.0,4.99145332950431,-1337120000.0,7598802000.0,1276.23025826274,13.2,86.0662932416134,73.332,78.842,112.37003326416,39.4205207824707,109.001342773438,96.1699981689453,2012,Ecuador,411056720.0
15237728.0,7615672.0,7622056.0,21.702,4.826,15.0,17.94856,27.90542,20.87382,10.86203,3.46,79276664000.0,6.41353562721159,-1208821000.0,7611445000.0,1212.51672165299,13.15,86.2418461703378,72.879,78.675,114.550247192383,39.5289465704209,107.989372253418,95.9499969482422,2011,Ecuador,411056720.0
14989585.0,7490733.0,7498852.0,21.892,4.852,15.0,18.48843,27.87782,20.8829,11.08378,4.09,69555367000.0,1.93247148903295,-986194000.0,6769906000.0,1139.59125619555,11.79,87.8486545089658,72.458,78.488,113.890800476074,39.5289465704209,104.138488769531,96.3499984741211,2010,Ecuador,411056720.0
14742766.0,7366263.0,7376503.0,22.142,4.856,10.0,18.81336,28.53462,21.94134,10.72547,4.61,62519686000.0,3.28732211481619,-1278176000.0,6198165000.0,1107.32273713087,12.87,87.0150755823181,72.154,78.308,113.246849060059,39.5289465704209,97.8925476074219,96.8300018310547,2009,Ecuador,411056720.0
14496797.0,7242204.0,7254593.0,22.379,4.847,10.0,18.76047,27.95477,21.65384,11.24459,3.92,61762635000.0,8.3309204450125,-1472262000.0,5537442000.0,1080.30760174127,15.32,83.1489281776411,71.945,78.116,108.572509765625,38.3230590820312,95.5224081760743,96.1800003051758,2008,Ecuador,411056720.0
14251835.0,7118765.0,7133070.0,22.637,4.817,10.0,18.63525,28.48734,22.70317,11.32028,3.14,51007777000.0,3.96250201681289,-2034421000.0,4772112000.0,955.806743482506,15.88,85.5949458040093,71.832,77.947,110.584251403809,39.5289465704209,98.5314025878906,96.0899963378906,2007,Ecuador,411056720.0
14009061.0,6996611.0,7012450.0,22.898,4.794,10.0,18.59887,29.62037,25.06538,10.82527,3.55,46802044000.0,4.1294697021474,-1827604400.0,4403200000.0,865.582639692982,14.19,84.9444118600684,71.714,77.747,109.231506347656,39.5289465704209,98.3743362426758,95.8199996948242,2006,Ecuador,411056720.0
13770012.0,6876511.0,6893501.0,23.2,4.78,10.0,17.59476,30.34484,25.35631,10.11374,3.78,41507085000.0,2.91099069251524,-1815521200.0,3935357000.0,797.74803391602,16.16,84.8893298339034,71.574,77.534,109.337348937988,39.5289465704209,98.6690216064453,95.8300018310547,2005,Ecuador,411056720.0
13534593.0,6758389.0,6776204.0,23.597,4.788,10.0,17.96622,30.4431,26.09069,11.41316,5.0,36591661000.0,-0.301696761053421,-1840032600.0,3546435000.0,827.583068068615,16.73,83.9555057762964,71.35,77.285,109.58470916748,39.5289465704209,94.4279174804688,97.10596383516906,2004,Ecuador,411056720.0
13301184.0,6641366.0,6659818.0,24.019,4.821,10.0,18.59593,29.79728,23.15305,11.08584,5.66,32432858000.0,2.24755821679652,-1492418100.0,3516792000.0,719.48482180233,16.55,85.2379539008164,71.031,76.997,110.139976501465,39.5289465704209,94.4760131835938,90.7200012207031,2003,Ecuador,411056720.0
13070609.0,6525796.0,6544813.0,24.46,4.875,10.0,21.75418,28.46996,23.13955,13.64367,4.899,28548945000.0,7.27732807768969,-1252762200.0,3206310000.0,692.316631918222,17.1,85.4397382541036,70.642,76.663,110.630950927734,39.5289465704209,95.0123901367188,97.10596383516906,2002,Ecuador,411056720.0
12845521.0,6412962.0,6432559.0,24.912,4.935,10.0,19.86645,29.09103,23.92472,13.08422,4.25,24468324000.0,9.44770994077911,-1232400000.0,3097021000.0,650.34341542083,17.05,85.8636343083442,70.231,76.329,109.865509033203,39.5289465704209,95.1630630493164,92.6999969482422,2001,Ecuador,411056720.0
12626507.0,6303121.0,6323386.0,25.402,5.007,10.0,23.28636,27.92325,22.80012,14.48219,4.8,18327764882.4412,-5.93154889304837,-1224212106.05303,2823308654.32716,637.626859114718,19.43,84.1073273286831,69.799,75.964,109.024398803711,39.5289465704209,94.5599670410156,97.10596383516906,2000,Ecuador,411056720.0
12412046.0,6195516.0,6216530.0,25.926,5.074,10.0,23.16786,27.66525,22.39974,14.75406,5.189,19645272636.3182,-14.3176412794155,-1307353676.83842,3451939969.98499,636.317332372117,19.58,83.1562900967771,69.397,75.618,108.391151428223,39.5289465704209,93.9180603027344,97.10596383516906,1999,Ecuador,411056720.0
12199693.0,6088960.0,6110733.0,26.411,5.157,10.0,21.42072,27.28989,21.81417,13.66709,4.622,27981896948.4742,1.2431489447351,-1171085542.77139,4890101050.52526,686.492684692967,18.19,84.9653185080326,68.972,75.209,108.336212158203,39.5289465704209,95.5224081760743,97.10596383516906,1998,Ecuador,411056720.0
11987838.0,5982667.0,6005171.0,26.796,5.222,10.87992125984252,22.26773,26.99507,20.76946,15.31932,4.538,28162053026.5133,6.45788746042501,-1027413706.85343,5663043521.76088,652.744890279632,16.54,85.7509506609135,68.599,74.857,109.687652587891,18.3899097442627,91.9762496948242,97.10596383516906,1997,Ecuador,411056720.0
11775221.0,5875980.0,5899241.0,27.259,5.275,10.87992125984252,21.58123,27.48029,21.20961,14.13417,4.683,25226393196.5983,-1.47481922981902,-1023411705.85293,5234491245.62281,608.396224580413,19.29,83.4105299321232,68.277,74.541,106.393760681152,39.5289465704209,88.6061706542969,97.10596383516906,1996,Ecuador,411056720.0
11561683.0,5768800.0,5792883.0,27.678,5.33,10.87992125984252,21.91206,27.26941,20.72119,14.79411,4.632,24432884442.2211,-1.30786249325153,-924462231.115558,5353774887.44372,547.065682392434,20.36,84.1147623339626,67.95,74.228,105.571586608887,17.9682102203369,88.9365692138672,97.10596383516906,1995,Ecuador,411056720.0
127504125.0,65309171.0,62194954.0,18.18499222797928,6.828164939550949,14.0,20.153996565656563,17.004881406285076,8.655857825364759,11.811210455667789,3.308,1414187193992.25,1.5210220345151224,-29938153400.3061,58687485287.4323,2620.2462159809083,21.149982316534043,63.45225495047148,70.19851982378856,76.0727603524229,106.1287104573522,39.5289465704209,95.5224081760743,97.10596383516906,2022,Mexico,3084067839.0
126705138.0,64849001.0,61856137.0,14.857,9.406,14.0,25.64327,12.33283,4.119983,17.26484,4.09,1272838810896.09,1.5210220345151224,-33513932524.8727,49503262340.5623,2620.2462159809083,21.149982316534043,63.45225495047148,66.056,74.864,103.358810424805,45.6506195068359,102.820198059082,97.10596383516906,2021,Mexico,3084067839.0
125998302.0,64410851.0,61587451.0,15.565,9.33,14.0,25.36003,12.47543,3.678973,17.52269,4.45,1090514966785.91,-12.6250179381423,-35693287809.3205,41391091106.3336,2620.2462159809083,12.33,63.45225495047148,66.334,74.314,104.517730712891,45.1654510498047,102.597717285156,98.9599990844727,2020,Mexico,3084067839.0
125085311.0,63898083.0,61187228.0,15.71,6.931,14.0,25.7352,12.30098,3.600104,17.21682,3.48,1269009571610.76,-0.392135039883641,-36999854631.0925,43034964259.0789,2620.2462159809083,10.27,63.45225495047148,70.931,77.574,105.095039367676,43.0441398620605,102.47265625,97.10596383516906,2019,Mexico,3084067839.0
124013861.0,63328697.0,60685164.0,16.465,6.856,14.0,26.24963,12.61688,3.525339,17.84863,3.27,1222405556421.13,0.856821953929028,-33059188099.0126,41363763894.2355,2620.2462159809083,10.16,63.45225495047148,70.829,77.286,105.188163757324,41.6382789611816,102.369117736816,98.6100006103516,2018,Mexico,3084067839.0
122839258.0,62712642.0,60126616.0,16.947,6.615,14.0,26.01261,13.1179,3.800152,17.60564,3.42,1158912015259.01,1.68058946706644,-30089933083.3019,39183671462.7009,2620.2462159809083,9.99,63.45225495047148,71.044,77.303,105.797607421875,40.3390693664551,104.324859619141,99.1246871948242,2017,Mexico,3084067839.0
121519221.0,62029592.0,59489629.0,17.42,6.305,14.0,25.75014,13.10362,3.636069,17.18268,3.86,1078493059306.95,1.09639988036005,-28907555278.9296,36091386501.7746,2620.2462159809083,9.22,63.45225495047148,71.398,77.486,106.391220092773,38.589771270752,104.702178955078,98.5999984741211,2016,Mexico,3084067839.0
120149897.0,61325121.0,58824776.0,17.968,6.007,14.0,25.16026,13.43125,3.720742,16.8257,4.31,1171870072962.76,2.24769638769669,-30264999074.557,37405198086.8569,2620.2462159809083,9.19,90.4262079109407,71.723,77.692,106.963432312012,31.9718608856201,105.99284362793,98.944709777832,2015,Mexico,3084067839.0
118755887.0,60610525.0,58145362.0,18.711,5.805,14.0,24.80859,13.77153,3.75288,16.67557,4.81,1315356131262.48,3.28123807804941,-32292857750.0762,41198129991.0852,2186.37582152033,9.76,90.2784899713522,71.859,77.782,108.573143005371,31.2052898406982,111.539886474609,98.6500015258789,2014,Mexico,3084067839.0
117290686.0,59862821.0,57427865.0,19.326,5.696,14.0,24.3064,13.65262,3.92914,16.34949,4.91,1274443916251.64,-1.34871918674969,-37076782647.4466,40002037844.5282,2172.17588786206,9.23,90.5710453808104,71.814,77.706,110.109268188477,30.3301601409912,110.180541992188,98.5644989013672,2013,Mexico,3084067839.0
115755909.0,59081794.0,56674115.0,19.635,5.642,14.0,24.06022,13.72252,4.169929,16.02543,4.89,1201093787127.42,1.03318566644835,-23204860842.7961,38121815589.7327,2283.07135491459,8.97,91.0569958148799,71.651,77.535,111.073516845703,29.3496494293213,106.491287231445,98.75,2012,Mexico,3084067839.0
114150481.0,58268408.0,55882073.0,19.917,5.597,11.0,24.29615,13.68806,3.968819,16.11696,5.17,1180487226406.78,-0.468896492573293,-18745849762.4428,36458894136.6341,2246.91125042215,9.07,90.4646096964222,71.451,77.311,111.058860778809,28.0361595153809,100.186973571777,98.4617691040039,2011,Mexico,3084067839.0
112532401.0,57445994.0,55086407.0,20.152,5.594,11.0,24.40098,13.92141,3.925639,16.26737,5.3,1057800597973.65,4.82097615316353,-12580510775.7527,34052235298.4626,2046.82382987634,9.36,90.4950889745985,71.295,77.117,110.995216369629,27.1670207977295,100.050811767578,98.4100036621094,2010,Mexico,3084067839.0
111049428.0,56685732.0,54363696.0,20.442,5.533,11.0,24.29499,13.80529,3.894207,16.32284,5.36,900047015737.995,-6.13474859795696,-15115942198.4353,29174971278.6681,2020.71279466653,9.17,90.5794907288493,71.273,76.993,110.722198486328,26.2105903625488,99.7480926513672,98.524658203125,2009,Mexico,3084067839.0
109684489.0,55985191.0,53699298.0,20.749,5.426,11.0,25.57863,13.73552,4.387955,17.52251,3.87,1109987401386.38,-1.46445689362605,-15656721210.3332,35079805595.5302,2067.79465417394,9.77,89.6952919944448,71.376,76.952,109.446380615234,25.7789402008057,101.216407775879,98.2900009155273,2008,Mexico,3084067839.0
108302973.0,55278659.0,53024314.0,21.082,5.302,11.0,26.20333,13.79239,4.569052,18.1648,3.63,1052697085016.35,1.18558386843655,-17705016886.7523,33493817931.1459,2063.93226158251,9.46,88.9004846971326,71.54,76.956,108.726860046387,25.1474304199219,101.777313232422,98.1560897827148,2007,Mexico,3084067839.0
106886790.0,54557092.0,52329698.0,21.459,5.177,11.0,26.18995,14.25343,4.616982,18.85837,3.57,975383402912.585,4.58482531093645,-14989306687.2389,30001094938.5621,2033.684424427,9.82,89.1073508492478,71.697,76.981,108.129272460938,24.5689697265625,100.936187744141,97.8600006103516,2006,Mexico,3084067839.0
105442402.0,53823103.0,51619299.0,21.9,5.078,11.0,25.93915,14.91569,4.900132,18.91918,3.56,877476892365.264,-0.755267537985901,-18319394439.4443,26966656578.0689,2007.04835991881,10.31,88.6381756796909,71.782,76.986,108.534042358398,24.130989074707,100.493301391602,97.6358413696289,2005,Mexico,3084067839.0
103945813.0,53064573.0,50881240.0,22.351,5.001,11.0,25.10003,15.83131,5.2222,19.38892,3.94,782242912348.371,4.50197711212095,-11646214974.9393,26120580514.4441,1937.62494310377,10.21,88.7601843643367,71.781,76.983,108.834548950195,23.7031497955322,99.7613067626953,97.2900009155273,2004,Mexico,3084067839.0
102429341.0,52296746.0,50132595.0,22.802,4.96,11.0,25.33442,16.55173,5.683805,20.0329,3.46,729335024013.225,-3.80019842445883,-12958525871.5593,24706125448.6911,2013.74916587621,10.17,88.878887676593,71.653,76.921,109.264152526855,23.0477905273438,98.2566299438477,97.10596383516906,2003,Mexico,3084067839.0
100917081.0,51530724.0,49386357.0,23.256,4.946,11.0,25.60789,17.3042,6.078018,20.83463,3.0,772109710670.873,-1.98574734662806,-13323561945.7761,25311932545.9669,1857.99072012398,10.68,88.5223925337417,71.422,76.826,109.220031738281,22.3153591156006,98.7117385864258,97.5199966430664,2002,Mexico,3084067839.0
99394288.0,50758748.0,48635540.0,23.717,4.962,11.0,26.078,17.4603,5.902726,21.90347,2.63,756702925694.04,-0.66561739005509,-14032419566.472,25752608455.5888,1850.83070367182,11.34,88.2788562173749,71.098,76.685,109.028007507324,21.3776397705078,97.5215225219727,97.10596383516906,2001,Mexico,3084067839.0
97873442.0,49973382.0,47900060.0,24.158,4.997,9.0,27.06527,17.40543,6.656805,22.14784,2.65,707909864021.779,2.20573747703207,-15197335041.911,23524455791.8755,1819.34952282561,12.17,87.2495319862253,70.692,76.512,109.118301391602,20.5259704589844,96.747428894043,97.3300018310547,2000,Mexico,3084067839.0
96334810.0,49166531.0,47168279.0,24.618,5.036,9.0,25.65855,20.22116,8.527021,21.23501,2.6,600233031001.064,3.26741855634904,-13009678415.568,22094978163.8263,1709.35096046798,12.75,87.0944394807541,70.227,76.308,109.927383422852,19.2353000640869,97.6176223754883,97.10596383516906,1999,Mexico,3084067839.0
94767284.0,48346691.0,46420593.0,24.925,5.086,9.0,24.911,19.32657,7.880064,20.3779,3.73,526499723362.144,3.75327011341737,-13493693808.9189,21895555370.0266,1665.39541219731,12.24,87.1615477603676,69.717,76.082,110.51586151123,18.19162940979,95.5224081760743,97.10596383516906,1998,Mexico,3084067839.0
93183094.0,47517728.0,45665366.0,25.511,5.152,10.87992125984252,22.56658,23.409,11.75037,18.48029,4.24,500416010941.521,8.56856641497103,-12802302846.7657,22269947439.2748,1551.60119495496,12.7,86.6588176118408,69.194,75.834,111.685478210449,17.0737800598145,97.9826278686523,97.10596383516906,1997,Mexico,3084067839.0
91586555.0,46680350.0,44906205.0,26.225,5.235,10.87992125984252,22.78454,21.92596,9.71537,17.87696,5.47,410972976953.229,6.88731905108253,-13983725288.1325,20008084753.4318,1468.97107331966,13.07,86.2438697171916,68.674,75.566,112.735969543457,16.2998504638672,98.4716720581055,97.10596383516906,1996,Mexico,3084067839.0
89969572.0,45831232.0,44138340.0,26.87,5.316,10.87992125984252,21.75622,23.47817,9.832883,15.26405,7.1,360072506961.293,-16.3212988320785,-13358451574.7127,15932742885.8504,1446.63353516898,13.26,86.1862976610092,68.201,75.282,113.463119506836,15.1806402206421,97.3071136474609,97.10596383516906,1995,Mexico,3084067839.0
34049588.0,17192502.0,16857086.0,18.18499222797928,6.828164939550949,14.0,20.153996565656563,17.004881406285076,8.655857825364759,11.811210455667789,3.661,242631549613.268,1.5210220345151224,-15625475643.0838,9465944329.77169,2620.2462159809083,21.149982316534043,63.45225495047148,70.19851982378856,76.0727603524229,107.663269042969,39.5289465704209,102.578369140625,97.10596383516906,2022,Peru,814655946.0
33715471.0,17020361.0,16695110.0,17.622,7.988,14.0,17.02519,27.85823,28.13062,8.74703,5.1,223717791482.577,1.5210220345151224,-17498274138.4733,16148982304.695,2620.2462159809083,21.149982316534043,63.45225495047148,70.121,74.746,107.119232177734,39.5289465704209,102.253257751465,99.120002746582,2021,Peru,814655946.0
33304756.0,16805324.0,16499432.0,17.833,7.327,14.0,15.87501,33.65575,32.60112,9.055516,7.18,201947603715.409,-9.36011540477708,-5356885549.99666,15540747877.498,2620.2462159809083,31.62,63.45225495047148,70.808,76.816,106.543869018555,39.5289465704209,95.5224081760743,99.5199966430664,2020,Peru,814655946.0
32824861.0,16556679.0,16268182.0,18.042,6.006,14.0,16.3108,25.56845,23.8545,8.948262,3.38,228325852220.761,2.95348160300344,-8257059444.5491,15647241513.0973,2620.2462159809083,27.14,63.45225495047148,73.904,78.497,102.486122131348,39.5289465704209,91.0660781860352,99.120002746582,2019,Peru,814655946.0
32203944.0,16242002.0,15961942.0,18.092,6.103,14.0,16.31622,26.12679,23.73556,9.314332,3.49,222597030191.041,0.716734610043687,-10979118352.6979,15327681690.9297,2620.2462159809083,27.89,63.45225495047148,73.8,78.293,99.0328979492188,39.5289465704209,89.45751953125,99.0400009155273,2018,Peru,814655946.0
31605486.0,15939421.0,15666065.0,18.269,6.173,14.0,16.41559,26.19584,23.96155,9.353666,3.69,211007952315.888,0.958825175962332,-9708054510.54419,14305831819.7271,2620.2462159809083,27.59,63.45225495047148,73.729,78.1,98.0214920043945,71.2465515136719,92.0803604125977,99.0800018310547,2017,Peru,814655946.0
31132779.0,15704688.0,15428091.0,18.5,6.318,14.0,16.99148,27.0293,25.40009,9.593238,3.74,191898127860.843,0.417273943513891,-7957484420.96668,13308201595.5669,2620.2462159809083,27.2,63.45225495047148,73.697,77.953,100.117469787598,73.330192565918,102.232048034668,98.9400024414062,2016,Peru,814655946.0
30711863.0,15496198.0,15215665.0,18.808,6.438,14.0,17.43516,26.97869,25.22323,9.538746,3.27,189802961890.097,1.10648801976991,-6499103430.87782,13372841109.5831,2620.2462159809083,27.43,63.45225495047148,73.577,77.743,99.6933212280273,39.5289465704209,101.71533203125,99.0500030517578,2015,Peru,814655946.0
30353951.0,15312249.0,15041702.0,19.248,6.612,14.0,17.32806,26.36795,24.70165,9.734874,3.21,200786240836.818,1.67924611573326,-9090735736.12676,13661992599.3703,1334.19204636655,28.56,79.5556835734868,73.321,77.432,100.492309570312,39.5289465704209,99.3495483398438,98.9899978637695,2014,Peru,814655946.0
30038809.0,15143939.0,14894870.0,19.71,6.681,14.0,17.79698,26.01843,24.51033,10.29802,3.57,201175541637.441,4.98941336182502,-10365302230.3096,13415009092.3303,1289.83143106639,28.35,76.2439460588969,72.948,77.083,103.185981750488,39.5289465704209,98.6836929321289,98.8899993896484,2013,Peru,814655946.0
29749589.0,14984154.0,14765435.0,20.225,6.791,14.0,17.76285,26.14643,24.40019,10.451,3.24,192649991136.09,6.68573643082999,-12132683041.078,12956163168.7372,1227.98335129941,30.8,76.6591238570487,72.513,76.683,102.122482299805,39.5289465704209,95.7032012939453,98.7200012207031,2012,Peru,814655946.0
29477721.0,14829974.0,14647747.0,20.75,6.864,12.0,17.15341,27.05899,25.03766,10.18685,3.48,171761737046.585,7.37682510935203,-12678551977.0524,12195272502.814,1253.55688114424,30.63,73.8702616483828,72.086,76.298,108.298957824707,39.5289465704209,101.077659606934,98.4499969482422,2011,Peru,814655946.0
29229572.0,14684089.0,14545483.0,21.066,6.895,12.0,17.35715,26.80542,25.34042,10.34875,3.6,147527631520.729,11.5607521305448,-10835980708.8182,10073182602.5397,1099.70819962742,32.17,68.2601776799923,71.623,75.93,110.860832214355,39.5289465704209,103.436256408691,98.3099975585938,2010,Peru,814655946.0
29009326.0,14548239.0,14461087.0,21.417,6.801,12.0,16.93992,27.75239,25.71738,10.51925,3.96,120822986521.479,2.94481994926554,-7515437221.96401,8945621140.69451,1040.35509132477,32.92,73.407523374139,71.398,75.673,110.654327392578,39.5289465704209,100.934448242188,98.3399963378906,2009,Peru,814655946.0
28806185.0,14418159.0,14388026.0,21.655,6.605,12.0,16.82077,28.43563,26.06342,10.68413,4.03,120550599815.441,8.23949384456411,-8305820431.32028,8632557503.67408,1033.52804267556,33.71,76.5710597584081,71.383,75.509,111.197898864746,39.5289465704209,102.948547363281,97.8399963378906,2008,Peru,814655946.0
28600387.0,14303686.0,14296701.0,22.026,6.416,12.0,16.6551,29.20555,26.8054,10.53817,4.08,102170981144.136,10.3733315175194,-7894215404.28252,6851390220.51774,957.714313446178,36.05,70.3552024925639,71.272,75.296,113.858917236328,39.5289465704209,103.473968505859,97.5500030517578,2007,Peru,814655946.0
28381078.0,14200317.0,14180761.0,22.274,6.177,12.0,15.04909,32.72956,30.39564,9.282012,4.17,88643193061.748,7.125514531345,-7160000305.38081,5853539363.58639,874.13874835903,38.7,68.9492929961421,71.243,75.209,113.603370666504,33.8254699707031,100.622528076172,97.9899978637695,2006,Peru,814655946.0
28147267.0,14089681.0,14057586.0,22.334,5.98,12.0,14.43046,33.84402,31.49678,9.156869,4.87,76060606060.6061,5.23467973517087,-4724571328.90466,5213395213.39521,821.323079075493,38.35,71.5588290066424,71.053,75.015,113.77018737793,32.374210357666,99.0808029174805,97.4800033569336,2005,Peru,814655946.0
27893911.0,13968834.0,13925077.0,22.278,5.838,12.0,14.5689,33.97449,31.45833,8.484059,4.71,66768703497.5687,1.49082298457992,-3373432597.10586,4630031050.44232,784.974183075296,37.83,69.7494282415471,70.689,74.737,114.127166748047,32.0726013183594,98.6212921142578,97.3600006103516,2004,Peru,814655946.0
27623341.0,13838733.0,13784608.0,22.209,5.747,12.0,12.89771,37.83941,35.03069,7.198121,4.15,58731030121.8671,2.07602945738212,-1863548976.77627,4294952862.72706,745.999551611081,40.91,66.547291841545,70.16,74.361,114.820411682129,30.2261905670166,97.9151916503906,96.8499984741211,2003,Peru,814655946.0
27334503.0,13698746.0,13635757.0,22.481,5.707,12.0,14.07704,36.67579,33.47913,8.986171,4.84,54777553515.0809,4.14822327652935,-1192952014.10012,4121442988.31623,720.956953195747,40.21,67.4048006290406,69.496,73.916,116.151123046875,30.157190322876,92.8180236816406,96.7600021362305,2002,Peru,814655946.0
27014909.0,13542314.0,13472595.0,22.908,5.72,12.0,14.06847,37.50397,34.26532,9.07977,5.027,52030158775.4055,-0.102220769153618,-848809441.007953,4107066503.23537,686.361741955155,41.23,67.5489115699434,68.758,73.423,116.477882385254,29.8303699493408,92.910026550293,97.1600036621094,2001,Peru,814655946.0
26654439.0,13364072.0,13290367.0,23.719,5.782,12.0,14.20768,37.3744,33.74834,9.183263,4.898,51744749133.213,-0.77932175825876,-1160298948.39394,4175477807.38703,661.315738065243,38.57,69.9092382480035,68.03,72.93,116.775123596191,33.3326187133789,96.9767684936523,97.5800018310547,2000,Peru,814655946.0
26252239.0,13163636.0,13088603.0,24.202,5.904,12.0,14.28764,37.65963,34.0971,9.351035,4.92,50187324567.883,-3.64091655565689,-868983867.631851,4147732309.05599,637.888448295782,36.69,71.197401339715,67.298,72.309,117.242889404297,37.9385108947754,98.3533706665039,97.10596383516906,1999,Peru,814655946.0
25818226.0,12946268.0,12871958.0,24.789,6.056,12.0,14.50536,37.51248,33.69142,9.511783,4.975,55501467877.381,-3.29903902269818,-935001740.970847,4650098996.38151,626.766533068538,39.38,69.7656657153277,66.623,71.673,116.372863769531,39.5289465704209,93.3474731445312,97.10596383516906,1998,Peru,814655946.0
25365386.0,12719036.0,12646350.0,25.455,6.144,10.87992125984252,14.68034,37.1568,33.2785,9.621821,4.64,58147522522.5225,5.51889656352323,-1543265202.7027,4679804804.8048,593.880179864008,31.74,68.6172490126773,66.138,71.211,113.448532104492,25.3689193725586,95.5224081760743,97.10596383516906,1997,Peru,814655946.0
24907304.0,12489257.0,12418047.0,26.164,6.217,10.87992125984252,14.61247,37.83364,33.75499,9.650141,4.769,55252414130.3019,1.41864375730312,-1634275883.14387,4698692091.43137,577.702026682615,31.72,69.5043470980968,65.684,70.752,114.308387756348,25.3470897674561,95.5224081760743,97.10596383516906,1996,Peru,814655946.0
24449055.0,12259702.0,12189353.0,26.908,6.294,10.87992125984252,14.66895,37.99034,33.79869,9.669822,4.544,53312793687.3836,5.94402866703447,-2230094423.26447,4285397641.6349,537.198677004081,33.28,68.6224710922399,65.176,70.253,114.601852416992,26.6976203918457,84.4838180541992,97.10596383516906,1995,Peru,814655946.0
333287557.0,168266218.0,165021339.0,18.18499222797928,6.828164939550949,12.0,20.153996565656563,17.004881406285076,8.655857825364759,11.811210455667789,3.611,25462700000000.0,1.5210220345151224,-697776713.3454739,9465944329.77169,2620.2462159809083,21.149982316534043,63.45225495047148,70.19851982378856,76.0727603524229,106.1287104573522,39.5289465704209,95.5224081760743,97.10596383516906,2022,United States,8497052217.0
332031554.0,167550001.0,164481553.0,11.0,10.4,12.0,19.18366,1.662403,1.005457,8.56283,5.35,23315080560000.0,1.5210220345151224,173090000000.0,223723739000.0,2620.2462159809083,21.149982316534043,63.45225495047148,73.5,79.3,98.3054885864258,84.8550872802734,101.091278076172,97.10596383516906,2021,United States,8497052217.0
331511512.0,167203009.0,164308503.0,10.9,10.3,12.0,19.41841,1.746393,1.044278,8.705888,8.05,21060473613000.0,-4.89916656615603,196970000000.0,199831763000.0,2620.2462159809083,11.16,63.45225495047148,74.2,79.9,100.305793762207,87.5676574707031,100.923667907715,97.10596383516906,2020,United States,8497052217.0
328329953.0,165599806.0,162730147.0,11.4,8.7,12.0,19.61797,1.679713,0.9622713,8.710109,3.67,21380976119000.0,1.63804428315011,278050000000.0,179346384000.0,2620.2462159809083,10.42,63.45225495047148,76.3,81.4,100.981300354004,87.8887100219727,100.489051818848,97.10596383516906,2019,United States,8497052217.0
326838199.0,164926348.0,161911851.0,11.6,8.678,12.0,19.56929,1.708719,0.9755594,8.580613,3.9,20533057312000.0,1.83304971390592,290307000000.0,185598437000.0,2620.2462159809083,10.12,63.45225495047148,76.2,81.2,101.256561279297,88.2991790771484,100.092697143555,97.10596383516906,2018,United States,8497052217.0
325122128.0,164151819.0,160970309.0,11.8,8.638,12.0,19.42705,1.768335,0.9613457,8.535977,4.36,19477336549000.0,2.13501391311863,292949000000.0,184424799000.0,2620.2462159809083,9.92,63.45225495047148,76.1,81.1,101.821441650391,88.1673889160156,98.8321990966797,97.10596383516906,2017,United States,8497052217.0
323071755.0,163224028.0,159847727.0,12.2,8.493,12.0,19.47486,1.781334,0.9791901,8.532497,4.87,18695110842000.0,-0.111701136066529,231944000000.0,176228444000.0,2620.2462159809083,9.46,63.45225495047148,76.1,81.1,101.362861633301,88.8350524902344,95.5224081760743,97.10596383516906,2016,United States,8497052217.0
320738994.0,162158413.0,158580581.0,12.4,8.44,12.0,19.55526,1.781391,0.9694976,8.661249,5.28,18206020741000.0,3.21435123963356,220383000000.0,188238199000.0,2620.2462159809083,9.03,82.4278282452692,76.3,81.2,100.299911499023,88.8894119262695,95.5224081760743,97.10596383516906,2015,United States,8497052217.0
318386329.0,161084758.0,157301571.0,12.5,8.237,12.0,19.70807,1.661639,0.8880764,8.714112,6.17,17550680174000.0,2.18230214623172,235226000000.0,205705398000.0,12993.9655794706,9.22,83.0890424221381,76.5,81.3,99.6733779907227,88.6268692016602,95.5224081760743,97.10596383516906,2014,United States,8497052217.0
316059947.0,160034189.0,156025758.0,12.4,8.215,12.0,19.68515,1.624083,0.8710625,8.668359,7.37,16843190993000.0,0.577814877815001,230298000000.0,222512729000.0,13004.0235689845,9.08,82.9405096870129,76.4,81.2,99.455436706543,88.7264175415039,95.5224081760743,97.10596383516906,2013,United States,8497052217.0
313877662.0,159064447.0,154813215.0,12.6,8.102,12.0,19.46611,1.692792,0.9742753,8.602039,8.07,16253972230000.0,2.84103034296143,232757000000.0,186811721000.0,12964.1879389302,8.73,83.4371776188128,76.4,81.2,106.1287104573522,39.5289465704209,95.5224081760743,97.10596383516906,2012,United States,8497052217.0
311583481.0,158043987.0,153539494.0,12.7,8.073,12.0,19.44499,1.757615,0.972644,8.579309,8.95,15599728123000.0,1.44753427724325,237932000000.0,187283956000.0,13245.8819278677,8.36,83.714052768764,76.3,81.1,106.1287104573522,39.5289465704209,95.5224081760743,97.10596383516906,2011,United States,8497052217.0
309327143.0,156968302.0,152358841.0,13.0,7.995,12.0,19.37073,1.739215,0.9446387,8.323825,9.63,15048964444000.0,3.87657007662565,205633000000.0,154919659000.0,13394.9027551068,7.44,84.1505880660269,76.2,81.0,106.1287104573522,39.5289465704209,95.5224081760743,97.10596383516906,2010,United States,8497052217.0
306771529.0,155660194.0,151111335.0,13.5,7.9,12.0,19.76049,1.626571,0.8483226,8.553306,9.25,14478064934000.0,-2.04922519224581,150243000000.0,139030815000.0,12913.7146883015,7.35,84.1542537153329,76.0,80.9,106.1287104573522,39.5289465704209,95.5224081760743,97.10596383516906,2009,United States,8497052217.0
304093966.0,154289839.0,149804127.0,14.0,8.1,12.0,21.22202,1.61335,0.8578326,9.490887,5.78,14769857911000.0,-4.03931972682018,145214000000.0,155526692000.0,13663.4279681827,6.85,84.968221692611,75.6,80.6,106.1287104573522,39.5289465704209,95.5224081760743,97.10596383516906,2008,United States,8497052217.0
301231207.0,152829131.0,148402076.0,14.3,8.0,12.0,21.88613,1.575148,0.8406767,9.933978,4.62,14474226905000.0,-0.539327974656416,95664000000.0,155615884000.0,13657.4528282523,6.3,85.614705182945,75.5,80.6,106.1287104573522,39.5289465704209,95.5224081760743,97.10596383516906,2007,United States,8497052217.0
298379912.0,151383683.0,146996229.0,14.3,8.1,12.0,22.10181,1.66751,0.92593,9.923814,4.62,13815586948000.0,2.4921911279045,46460000000.0,139466580000.0,13583.2669593387,6.4,85.626472526822,75.2,80.3,106.1287104573522,39.5289465704209,95.5224081760743,97.10596383516906,2006,United States,8497052217.0
295516599.0,149946322.0,145570277.0,14.0,8.3,12.0,22.01024,1.692783,0.9462189,10.11469,5.08,13039199193000.0,2.50867259595609,74800000000.0,150016842000.0,13704.5770481407,5.84,86.018535392161,75.0,80.1,101.8740234375,80.6348266601562,95.5224081760743,97.10596383516906,2005,United States,8497052217.0
292805298.0,148594731.0,144210567.0,14.0,8.2,12.0,22.13666,1.752682,0.956423,10.33184,5.53,12217193198000.0,2.97706614594713,76713000000.0,154606580000.0,13388.5897105591,5.48,86.1243128703203,75.0,80.1,106.1287104573522,39.5289465704209,95.5224081760743,97.10596383516906,2004,United States,8497052217.0
290107933.0,147242226.0,142865707.0,14.1,8.4,12.0,22.18771,1.810335,1.021133,10.61966,5.99,11456442041000.0,0.223322898936516,58496000000.0,128432169000.0,13307.4920085002,5.33,86.2783854149701,74.5,79.7,106.1287104573522,39.5289465704209,95.5224081760743,97.10596383516906,2003,United States,8497052217.0
287625193.0,145972802.0,141652391.0,14.0,8.5,12.0,22.27849,1.955487,1.094386,10.85629,5.78,10929112955000.0,1.70482260819378,45794000000.0,106418069000.0,13296.1822993023,4.84,86.2490843609645,74.4,79.6,106.1287104573522,39.5289465704209,95.5224081760743,97.10596383516906,2002,United States,8497052217.0
284968955.0,144625822.0,140343133.0,14.1,8.5,12.0,22.40981,2.1083,1.174459,11.12882,4.73,10581929774000.0,-0.21113366739327,50364000000.0,119497180000.0,13046.6141478464,4.68,86.3459809106252,74.3,79.5,106.1287104573522,39.5289465704209,95.5224081760743,97.10596383516906,2001,United States,8497052217.0
282162411.0,143251717.0,138910694.0,14.4,8.5,12.0,22.69592,2.267193,1.257509,11.53491,3.99,10250947997000.0,2.8564879524283,38481000000.0,117942832000.0,13671.0520240061,5.43,85.8808305392289,74.1,79.3,106.1287104573522,39.5289465704209,95.5224081760743,97.10596383516906,2000,United States,8497052217.0
279040000.0,141757600.0,137282400.0,14.2,8.6,12.0,22.70916,2.457899,1.352779,11.78452,4.22,9631174489000.0,2.89722903271945,30904000000.0,110878031000.0,13281.8699827982,5.71,85.7846010464005,73.9,79.4,101.391563415527,71.1524276733398,95.5224081760743,97.10596383516906,1999,United States,8497052217.0
275854000.0,140236333.0,135617667.0,14.3,8.6,12.0,23.20957,2.569544,1.349704,12.20869,4.51,9062818202000.0,4.73655352595412,17411000000.0,110022333000.0,13154.7630268185,4.53,86.0865943299391,73.8,79.5,102.175888061523,70.5077362060547,95.5224081760743,97.10596383516906,1998,United States,8497052217.0
272657000.0,138687393.0,133969607.0,14.2,8.7,10.87992125984252,23.36792,2.623535,1.408273,12.39231,5.0,8577554457000.0,4.16235066253951,23300000000.0,114674330000.0,12889.8322801175,4.51,86.4564944223768,73.6,79.4,106.1287104573522,39.5289465704209,95.5224081760743,97.10596383516906,1997,United States,8497052217.0
269394000.0,137090109.0,132303891.0,14.4,8.8,10.87992125984252,23.32056,2.717272,1.479813,12.41425,5.45,8073122000000.0,3.27791931777874,30869000000.0,9465944329.77169,12854.2989079193,4.76,85.5100613230784,73.1,79.1,104.087097167969,78.8333587646484,95.5224081760743,97.10596383516906,1996,United States,8497052217.0
266278000.0,135565598.0,130712402.0,14.6,8.8,10.87992125984252,23.44114,2.754202,1.527181,12.42299,5.65,7639749000000.0,2.29382210850626,27952000000.0,9465944329.77169,12659.607628118,4.73,85.4693359772985,72.5,78.9,105.278030395508,79.4404602050781,95.5224081760743,97.10596383516906,1995,United States,8497052217.0
28301696.0,14304905.0,13996791.0,18.18499222797928,6.828164939550949,10.87992125984252,20.153996565656563,17.004881406285076,8.655857825364759,11.811210455667789,5.328,500062219316.26825,1.5210220345151224,-697776713.3454739,9465944329.77169,2620.2462159809083,21.149982316534043,63.45225495047148,70.19851982378856,76.0727603524229,106.1287104573522,39.5289465704209,95.5224081760743,98.7300033569336,2022,"Venezuela, RB",762330092.0
28199867.0,14243056.0,13956811.0,15.877,8.124,17.0,17.53636,13.09415,4.936438,11.1088,6.471,500062219316.26825,1.5210220345151224,-697776713.3454739,9465944329.77169,2620.2462159809083,21.149982316534043,63.45225495047148,66.259,75.207,106.1287104573522,39.5289465704209,95.5224081760743,97.10596383516906,2021,"Venezuela, RB",762330092.0
28490453.0,14376693.0,14113760.0,16.213,7.575,17.0,17.55387,12.99543,4.74714,11.6663,7.53,500062219316.26825,1.5210220345151224,-697776713.3454739,9465944329.77169,2620.2462159809083,23.33,63.45225495047148,66.739,75.814,106.1287104573522,39.5289465704209,95.5224081760743,97.10596383516906,2020,"Venezuela, RB",762330092.0
28971683.0,14605811.0,14365872.0,16.888,7.017,17.0,17.80503,11.64183,4.156744,11.28199,5.092,500062219316.26825,1.5210220345151224,-697776713.3454739,9465944329.77169,2620.2462159809083,15.77,63.45225495047148,68.034,76.566,106.1287104573522,39.5289465704209,95.5224081760743,97.10596383516906,2019,"Venezuela, RB",762330092.0
29825653.0,15021518.0,14804135.0,17.832,6.864,17.0,18.92631,9.554468,3.079111,11.23426,5.02,500062219316.26825,1.5210220345151224,-697776713.3454739,9465944329.77169,2620.2462159809083,14.57,63.45225495047148,67.832,76.431,106.1287104573522,39.5289465704209,95.5224081760743,97.10596383516906,2018,"Venezuela, RB",762330092.0
30563433.0,15379663.0,15183770.0,18.502,6.735,17.0,20.06389,8.08684,2.165032,11.58238,5.05,500062219316.26825,1.5210220345151224,-697776713.3454739,9465944329.77169,2620.2462159809083,14.31,63.45225495047148,67.935,76.228,94.0880584716797,39.5289465704209,89.1427536010742,97.10596383516906,2017,"Venezuela, RB",762330092.0
30741464.0,15457477.0,15283987.0,18.898,6.574,14.0,21.13781,6.05441,1.204974,11.28782,5.32,500062219316.26825,1.5210220345151224,-697776713.3454739,9465944329.77169,2620.2462159809083,14.51,63.45225495047148,67.757,76.742,96.8556365966797,39.5289465704209,92.0160903930664,98.7595062255859,2016,"Venezuela, RB",762330092.0
30529716.0,15341129.0,15188587.0,19.201,5.996,14.0,21.36286,6.354222,1.261528,11.07009,6.077,500062219316.26825,1.5210220345151224,-697776713.3454739,9465944329.77169,2620.2462159809083,15.33,63.45225495047148,69.041,77.218,99.7375183105469,39.5289465704209,94.9639282226562,99.0076293945312,2015,"Venezuela, RB",762330092.0
30193258.0,15164502.0,15028756.0,19.507,5.971,14.0,21.63117,6.797627,1.308234,10.96928,6.865,482359318767.703,-17.0044684033655,-5425456223.54476,24247014257.9803,2705.6040126574,12.01,63.45225495047148,68.887,77.075,100.504531860352,39.5289465704209,95.7765121459961,98.879997253418,2014,"Venezuela, RB",762330092.0
29838021.0,14978971.0,14859050.0,19.827,5.711,14.0,21.32594,7.445706,1.425925,10.6013,7.54,371005379786.566,-11.5288693568187,-11742992367.9255,18188724518.4524,3292.71167146105,15.29,88.3779732161285,69.297,77.323,101.631439208984,39.5289465704209,94.7831878662109,98.7399978637695,2013,"Venezuela, RB",762330092.0
29470426.0,14786972.0,14683454.0,20.143,5.683,14.0,21.26174,7.74339,1.522627,10.4324,6.6,381286237847.667,-0.105808584325402,-10078049565.1971,19126723241.5546,3292.11393143757,13.71,89.2585692143404,68.949,77.416,101.07137298584,39.5289465704209,94.5634536743164,98.8099975585938,2012,"Venezuela, RB",762330092.0
29096159.0,14591554.0,14504605.0,20.466,5.649,14.0,21.79719,8.052499,1.590619,10.73685,6.9,316482190800.364,0.575209999344466,-7989045531.90497,15865030890.8213,3233.31337308131,14.76,88.1260949957402,68.983,77.1,100.89427947998,39.5289465704209,93.1526718139648,98.6100006103516,2011,"Venezuela, RB",762330092.0
28715022.0,14393134.0,14321888.0,20.805,5.568,14.0,21.96774,8.545029,1.731923,10.86021,7.11,393192354510.653,12.1208747072371,-4850923011.48447,21135131665.4422,3165.06809571659,13.79,89.8124969561867,68.918,77.139,101.07022857666,39.5289465704209,92.0712585449219,98.4599990844727,2010,"Venezuela, RB",762330092.0
28327892.0,14190952.0,14136940.0,21.117,5.62,14.0,22.4642,8.629657,1.820507,11.31293,6.1,329787628928.471,-23.1108541940228,-2664501538.74848,18673161894.9921,3058.57562574723,16.21,87.4799887681497,68.523,76.959,101.624313354492,78.7361907958984,93.5569229125977,98.5299987792969,2009,"Venezuela, RB",762330092.0
27933833.0,13984234.0,13949599.0,21.433,5.6,14.0,22.873,8.517753,1.786266,11.22632,6.25,315953388510.678,9.68968091294258,679455376.293948,13138656625.9442,3091.91366612666,16.35,87.3339501052766,68.325,76.91,101.424911499023,78.7609786987305,93.8693313598633,98.4599990844727,2008,"Venezuela, RB",762330092.0
27525097.0,13770876.0,13754221.0,21.744,5.242,14.0,23.12942,8.836546,1.76666,11.77368,7.28,230364012575.687,14.2760251716412,2431074988.35585,8785022356.7769,2988.72697887314,16.64,86.4283762666296,69.129,77.287,104.312240600586,39.5289465704209,96.293083190918,98.4000015258789,2007,"Venezuela, RB",762330092.0
27102081.0,13551990.0,13550091.0,22.06,5.289,14.0,22.1838,9.417599,1.862891,11.29457,8.61,183477522123.894,16.0597945172966,-1003171401.95622,6709414531.90498,2971.4323413025,15.6,87.5563058359365,68.894,76.886,102.693328857422,39.5289465704209,94.149772644043,98.2900009155273,2006,"Venezuela, RB",762330092.0
26668785.0,13329254.0,13339531.0,22.334,5.189,14.0,20.64945,10.2853,2.158631,11.1667,10.66,145513489651.872,23.4111977749735,-2200237348.96519,5376990070.58261,2860.91023644309,14.23,86.9603676562394,69.138,76.674,102.988227844238,39.5289465704209,90.296630859375,98.0699996948242,2005,"Venezuela, RB",762330092.0
26226927.0,13103406.0,13123521.0,22.579,5.217,14.0,20.32014,10.49708,2.044564,11.03183,15.07,112451400422.982,29.0475837806981,-3489065562.21361,4181862002.11492,2772.15092717496,14.64,87.9517629391077,68.95,76.319,103.385231018066,41.5587882995605,88.5904312133789,98.129997253418,2004,"Venezuela, RB",762330092.0
25782029.0,12876105.0,12905924.0,22.869,5.384,14.0,19.83831,10.76707,2.165634,11.17124,16.78,83620628582.1082,-8.77846306515248,-2187677547.9691,3606680164.46549,2640.90929383409,13.41,88.8686473747428,68.292,75.88,103.50048828125,39.5479507446289,88.5929107666016,97.8199996948242,2003,"Venezuela, RB",762330092.0
25330929.0,12646262.0,12684667.0,23.208,5.01,14.0,20.68583,9.970906,1.852978,11.5095,16.17,92893587733.6549,-12.2695994771463,-2749341028.51236,3573659229.90783,2733.45679505082,12.84,89.8529410513451,69.188,76.378,105.398719787598,37.8175811767578,90.9515075683594,97.7799987792969,2002,"Venezuela, RB",762330092.0
24880203.0,12416404.0,12463799.0,23.53,5.557,14.0,22.09415,9.654925,1.700453,11.97761,13.04,122911036746.163,-2.31558040098925,-2029963495.66439,5200995865.91278,2706.73032691896,14.03,88.8908250802392,67.526,75.226,103.11058807373,39.5289465704209,84.7086181640625,97.6100006103516,2001,"Venezuela, RB",762330092.0
24427729.0,12185778.0,12241951.0,23.9,4.964,14.0,22.8253,10.61521,1.694936,12.81671,13.99,117146466003.235,14.3673570684041,-1393450659.34605,4607353791.85254,2641.91566886959,15.29,88.1215723752793,69.073,76.145,100.551040649414,27.9836292266846,83.3255310058594,97.5599975585938,2000,"Venezuela, RB",762330092.0
23966960.0,11953242.0,12013718.0,24.27,4.982,14.0,22.7097,10.19127,1.72546,13.09345,14.53,97972842461.5131,-1.49111788775888,-1465032811.9196,4262858557.92645,2577.59014910527,15.04,88.2110570619037,69.295,75.376,99.0205001831055,39.5289465704209,81.2175903320312,97.10596383516906,1999,"Venezuela, RB",762330092.0
23503819.0,11720770.0,11783049.0,24.598,4.758,6.0,24.50915,9.985037,1.390292,13.51101,11.15,91336763255.6157,-7.2181674242334,-2496205637.06094,4521564497.47367,2645.6977055516,13.68,89.2085988774893,69.725,75.775,106.1287104573522,39.5289465704209,95.5224081760743,97.10596383516906,1998,"Venezuela, RB",762330092.0
23037561.0,11487402.0,11550159.0,24.991,4.677,10.87992125984252,23.87699,10.81632,1.545706,13.76874,11.16,85837678559.2469,4.25287217095713,-2463497510.06208,3858825977.21537,2676.84586923069,13.88,88.7891125557543,69.994,75.533,100.766540527344,39.5289465704209,81.0358123779297,97.10596383516906,1997,"Venezuela, RB",762330092.0
22572110.0,11255126.0,11316984.0,25.41,4.835,10.87992125984252,22.37798,13.53341,1.847863,13.41522,11.77,70543211119.099,-2.33142168896494,-1725206805.6554,2884948717.94872,2650.88199552457,12.89,89.4540747025309,69.504,74.832,99.5676574707031,39.5289465704209,80.4369125366211,97.10596383516906,1996,"Venezuela, RB",762330092.0
22107286.0,11023145.0,11084141.0,25.871,4.766,10.87992125984252,23.56373,13.51805,1.970623,14.42161,10.24,77389487771.5469,5.80613681321485,-1943000235.61566,3900795626.97327,2630.44500351604,13.15,89.2276988183593,69.484,74.929,106.1287104573522,39.5289465704209,95.5224081760743,97.10596383516906,1995,"Venezuela, RB",762330092.0
