{
  "lat": {
    "Afghanistan": 33,
    "Akrotiri": 34.37,
    "Albania": 41,
    "Algeria": 28,
    "American Samoa": -14.2,
    "Andorra": 42.3,
    "Angola": -12.3,
    "Anguilla": 18.15,
    "Antarctica": -90,
    "Antigua and Barbuda": 17.03,
    "Argentina": -34,
    "Armenia": 40,
    "Aruba": 12.3,
    "Ashmore and Cartier Islands": -12.14,
    "Australia": -27,
    "Austria": 47.2,
    "Azerbaijan": 40.3,
    "Bahrain": 26,
    "Bangladesh": 24,
    "Barbados": 13.1,
    "Belarus": 53,
    "Belgium": 50.5,
    "Belize": 17.15,
    "Benin": 9.3,
    "Bermuda": 32.2,
    "Bhutan": 27.3,
    "Bolivia": -17,
    "Bosnia and Herzegovina": 44,
    "Botswana": -22,
    "Bouvet Island": -54.26,
    "Brazil": -10,
    "British Indian Ocean Territory": -6,
    "British Virgin Islands": 18.3,
    "Brunei": 4.3,
    "Bulgaria": 43,
    "Burkina Faso": 13,
    "Burma": 22,
    "Burundi": -3.3,
    "Cambodia": 13,
    "Cameroon": 6,
    "Canada": 60,
    "Cape Verde": 16,
    "Cayman Islands": 19.3,
    "CAR": 7,
    "Chad": 15,
    "Chile": -30,
    "China": 35,
    "Christmas Island": -10.3,
    "Clipperton Island": 10.17,
    "Cocos (Keeling) Islands": -12.3,
    "Colombia": 4,
    "Comoros": -12.1,
    "Congo": -1,
    "Cook Islands": -21.14,
    "Coral Sea Islands": -18,
    "Costa Rica": 10,
    "Cote d'Ivoire": 8,
    "Croatia": 45.1,
    "Cuba": 21.3,
    "Cyprus": 35,
    "Czechia": 49.45,
    "DRC": 0,
    "Denmark": 56,
    "Dhekelia": 34.59,
    "Djibouti": 11.3,
    "Dominica": 15.25,
    "Dominican Republic": 19,
    "East Timor": -8.5,
    "Ecuador": -2,
    "Egypt": 27,
    "El Salvador": 13.5,
    "Equatorial Guinea": 2,
    "Eritrea": 15,
    "Estonia": 59,
    "Ethiopia": 8,
    "Falkland Islands": -51.45,
    "Faroe Islands": 62,
    "Micronesia": 6.55,
    "Fiji": -18,
    "Finland": 64,
    "France": 46,
    "French Guiana": 4,
    "Guadeloupe": 16.15,
    "Martinique": 14.4,
    "Mayotte": -12.5,
    "Reunion": -21.06,
    "French Polynesia": -15,
    "Gabon": -1,
    "Gaza Strip": 31.25,
    "Georgia": 42,
    "Germany": 51,
    "Ghana": 8,
    "Gibraltar": 36.08,
    "Greece": 39,
    "Greenland": 72,
    "Grenada": 12.07,
    "Guam": 13.28,
    "Guatemala": 15.3,
    "Guernsey": 49.28,
    "Guinea": 11,
    "Guinea-Bissau": 12,
    "Guyana": 5,
    "Haiti": 19,
    "Heard Island and McDonald Islands": -53.06,
    "Holy See (Vatican City)": 41.54,
    "Honduras": 15,
    "Hong Kong": 22.15,
    "Howland Island": 0.48,
    "Hungary": 47,
    "Iceland": 65,
    "India": 20,
    "Indonesia": -5,
    "Iran": 32,
    "Iraq": 33,
    "Ireland": 53,
    "Isle of Man": 54.15,
    "Israel": 31.3,
    "Italy": 42.5,
    "Jamaica": 18.15,
    "Jan Mayen": 71,
    "Japan": 36,
    "Jarvis Island": -0.22,
    "Jersey": 49.15,
    "Johnston Atoll": 16.45,
    "Jordan": 31,
    "Kazakhstan": 48,
    "Kenya": 1,
    "Kingman Reef": 6.24,
    "Kiribati": 1.25,
    "Kosovo": 42.35,
    "Kuwait": 29.3,
    "Kyrgyzstan": 41,
    "Laos": 18,
    "Latvia": 57,
    "Lebanon": 33.5,
    "Lesotho": -29.3,
    "Liberia": 6.3,
    "Libya": 25,
    "Liechtenstein": 47.16,
    "Lithuania": 56,
    "Luxembourg": 49.45,
    "Macau": 22.1,
    "Madagascar": -20,
    "Malawi": -13.3,
    "Malaysia": 2.3,
    "Maldives": 3.15,
    "Mali": 17,
    "Malta": 35.5,
    "Marshall Islands": 9,
    "Mauritania": 20,
    "Mauritius": -20.17,
    "Mexico": 23,
    "Midway Islands": 28.12,
    "Moldova": 47,
    "Monaco": 43.44,
    "Mongolia": 46,
    "Montenegro": 42.3,
    "Montserrat": 16.45,
    "Morocco": 32,
    "Mozambique": -18.15,
    "Namibia": -22,
    "Nauru": -0.32,
    "Navassa Island": 18.25,
    "Nepal": 28,
    "Netherlands": 52.3,
    "New Caledonia": -21.3,
    "New Zealand": -41,
    "Nicaragua": 13,
    "Niger": 16,
    "Nigeria": 10,
    "Niue": -19.02,
    "Norfolk Island": -29.02,
    "North Korea": 40,
    "Northern Mariana Islands": 15.12,
    "Norway": 62,
    "Oman": 21,
    "Pakistan": 30,
    "Palau": 7.3,
    "Palmyra Atoll": 5.52,
    "Panama": 9,
    "Papua New Guinea": -6,
    "Paracel Islands": 16.3,
    "Paraguay": -23,
    "Peru": -10,
    "Philippines": 13,
    "Pitcairn Islands": -25.04,
    "Poland": 52,
    "Portugal": 39.3,
    "Puerto Rico": 18.15,
    "Qatar": 25.3,
    "North Macedonia": 41.5,
    "Romania": 46,
    "Russia": 60,
    "Rwanda": -2,
    "Saint Barthelemy": 17.9,
    "Saint Helena": -15.57,
    "Saint Kitts and Nevis": 17.2,
    "Saint Lucia": 13.53,
    "Saint Martin": 18.05,
    "Saint Pierre and Miquelon": 46.5,
    "St. Vincent Grenadines": 13.15,
    "Samoa": -13.35,
    "San Marino": 43.46,
    "Sao Tome and Principe": 1,
    "Saudi Arabia": 25,
    "Senegal": 14,
    "Serbia": 44,
    "Seychelles": -4.35,
    "Sierra Leone": 8.3,
    "Singapore": 1.22,
    "Slovakia": 48.4,
    "Slovenia": 46.07,
    "Solomon Islands": -8,
    "Somalia": 10,
    "South Africa": -29,
    "South Korea": 37,
    "South Sudan": 8,
    "Spain": 40,
    "Spratly Islands": 8.38,
    "Sri Lanka": 7,
    "Sudan": 15,
    "Suriname": 4,
    "Svalbard": 78,
    "Swaziland": -26.3,
    "Sweden": 62,
    "Switzerland": 47,
    "Syria": 35,
    "Taiwan": 23.3,
    "Tajikistan": 39,
    "Tanzania": -6,
    "Thailand": 15,
    "The Bahamas": 24.15,
    "The Gambia": 13.28,
    "Togo": 8,
    "Tokelau": -9,
    "Tonga": -20,
    "Trinidad and Tobago": 11,
    "Tunisia": 34,
    "Turkey": 39,
    "Turkmenistan": 40,
    "Turks and Caicos Islands": 21.45,
    "Tuvalu": -8,
    "Uganda": 1,
    "Ukraine": 49,
    "UAE": 24,
    "UK": 54,
    "USA": 38,
    "Uruguay": -33,
    "Uzbekistan": 41,
    "Vanuatu": -16,
    "Venezuela": 8,
    "Vietnam": 16.1,
    "Virgin Islands": 18.2,
    "Wake Island": 19.17,
    "Wallis and Futuna": -13.18,
    "West Bank": 32,
    "Western Sahara": 24.3,
    "Yemen": 15,
    "Zambia": -15,
    "Zimbabwe": -20
  },
  "long": {
    "Afghanistan": 65,
    "Akrotiri": 32.58,
    "Albania": 20,
    "Algeria": 3,
    "American Samoa": -170,
    "Andorra": 1.3,
    "Angola": 18.3,
    "Anguilla": -63.1,
    "Antarctica": 0,
    "Antigua and Barbuda": -61.48,
    "Argentina": -64,
    "Armenia": 45,
    "Aruba": -69.58,
    "Ashmore and Cartier Islands": 123.05,
    "Australia": 133,
    "Austria": 13.2,
    "Azerbaijan": 47.3,
    "Bahrain": 50.33,
    "Bangladesh": 90,
    "Barbados": -59.32,
    "Belarus": 28,
    "Belgium": 4,
    "Belize": -88.45,
    "Benin": 2.15,
    "Bermuda": -64.45,
    "Bhutan": 90.3,
    "Bolivia": -65,
    "Bosnia and Herzegovina": 18,
    "Botswana": 24,
    "Bouvet Island": 3.24,
    "Brazil": -55,
    "British Indian Ocean Territory": 71.3,
    "British Virgin Islands": -64.3,
    "Brunei": 114.4,
    "Bulgaria": 25,
    "Burkina Faso": -2,
    "Burma": 98,
    "Burundi": 30,
    "Cambodia": 105,
    "Cameroon": 12,
    "Canada": -95,
    "Cape Verde": -24,
    "Cayman Islands": -80.3,
    "CAR": 21,
    "Chad": 19,
    "Chile": -71,
    "China": 105,
    "Christmas Island": 105.4,
    "Clipperton Island": -109.13,
    "Cocos (Keeling) Islands": 96.5,
    "Colombia": -72,
    "Comoros": 44.15,
    "Congo": 15,
    "Cook Islands": -159.46,
    "Coral Sea Islands": 152,
    "Costa Rica": -84,
    "Cote d'Ivoire": -5,
    "Croatia": 15.3,
    "Cuba": -80,
    "Cyprus": 33,
    "Czechia": 15.3,
    "DRC": 25,
    "Denmark": 10,
    "Dhekelia": 33.45,
    "Djibouti": 43,
    "Dominica": -61.2,
    "Dominican Republic": -70.4,
    "East Timor": 125.55,
    "Ecuador": -77.3,
    "Egypt": 30,
    "El Salvador": -88.55,
    "Equatorial Guinea": 10,
    "Eritrea": 39,
    "Estonia": 26,
    "Ethiopia": 38,
    "Falkland Islands": -59,
    "Faroe Islands": -7,
    "Micronesia": 158.15,
    "Fiji": 175,
    "Finland": 26,
    "France": 2,
    "French Guiana": -53,
    "Guadeloupe": -61.35,
    "Martinique": -61,
    "Mayotte": 45.1,
    "Reunion": 55.36,
    "French Polynesia": -140,
    "Gabon": 11.45,
    "Gaza Strip": 34.2,
    "Georgia": 43.3,
    "Germany": 9,
    "Ghana": -2,
    "Gibraltar": -5.21,
    "Greece": 22,
    "Greenland": -40,
    "Grenada": -61.4,
    "Guam": 144.47,
    "Guatemala": -90.15,
    "Guernsey": -2.35,
    "Guinea": -10,
    "Guinea-Bissau": -15,
    "Guyana": -59,
    "Haiti": -72.25,
    "Heard Island and McDonald Islands": 72.31,
    "Holy See (Vatican City)": 12.27,
    "Honduras": -86.3,
    "Hong Kong": 114.1,
    "Howland Island": -176.38,
    "Hungary": 20,
    "Iceland": -18,
    "India": 77,
    "Indonesia": 120,
    "Iran": 53,
    "Iraq": 44,
    "Ireland": -8,
    "Isle of Man": -4.3,
    "Israel": 34.45,
    "Italy": 12.5,
    "Jamaica": -77.3,
    "Jan Mayen": -8,
    "Japan": 138,
    "Jarvis Island": -160.01,
    "Jersey": -2.1,
    "Johnston Atoll": -169.31,
    "Jordan": 36,
    "Kazakhstan": 68,
    "Kenya": 38,
    "Kingman Reef": -162.22,
    "Kiribati": 173,
    "Kosovo": 21,
    "Kuwait": 45.45,
    "Kyrgyzstan": 75,
    "Laos": 105,
    "Latvia": 25,
    "Lebanon": 35.5,
    "Lesotho": 28.3,
    "Liberia": -9.3,
    "Libya": 17,
    "Liechtenstein": 9.32,
    "Lithuania": 24,
    "Luxembourg": 6.1,
    "Macau": 113.33,
    "Madagascar": 47,
    "Malawi": 34,
    "Malaysia": 112.3,
    "Maldives": 73,
    "Mali": -4,
    "Malta": 14.35,
    "Marshall Islands": 168,
    "Mauritania": -12,
    "Mauritius": 57.33,
    "Mexico": -102,
    "Midway Islands": -177.22,
    "Moldova": 29,
    "Monaco": 7.24,
    "Mongolia": 105,
    "Montenegro": 19.18,
    "Montserrat": -62.12,
    "Morocco": -5,
    "Mozambique": 35,
    "Namibia": 17,
    "Nauru": 166.55,
    "Navassa Island": -75.02,
    "Nepal": 84,
    "Netherlands": 5.45,
    "New Caledonia": 165.3,
    "New Zealand": 174,
    "Nicaragua": -85,
    "Niger": 8,
    "Nigeria": 8,
    "Niue": -169.52,
    "Norfolk Island": 167.57,
    "North Korea": 127,
    "Northern Mariana Islands": 145.45,
    "Norway": 10,
    "Oman": 57,
    "Pakistan": 70,
    "Palau": 134.3,
    "Palmyra Atoll": -162.04,
    "Panama": -80,
    "Papua New Guinea": 147,
    "Paracel Islands": 112,
    "Paraguay": -58,
    "Peru": -76,
    "Philippines": 122,
    "Pitcairn Islands": -130.06,
    "Poland": 20,
    "Portugal": -8,
    "Puerto Rico": -66.3,
    "Qatar": 51.15,
    "North Macedonia": 22,
    "Romania": 25,
    "Russia": 100,
    "Rwanda": 30,
    "Saint Barthelemy": -62.85,
    "Saint Helena": -5.42,
    "Saint Kitts and Nevis": -62.45,
    "Saint Lucia": -60.58,
    "Saint Martin": -63.57,
    "Saint Pierre and Miquelon": -56.2,
    "St. Vincent Grenadines": -61.12,
    "Samoa": -172.2,
    "San Marino": 12.25,
    "Sao Tome and Principe": 7,
    "Saudi Arabia": 45,
    "Senegal": -14,
    "Serbia": 21,
    "Seychelles": 55.4,
    "Sierra Leone": -11.3,
    "Singapore": 103.48,
    "Slovakia": 19.3,
    "Slovenia": 14.49,
    "Solomon Islands": 159,
    "Somalia": 49,
    "South Africa": 24,
    "South Korea": 127.3,
    "South Sudan": 30,
    "Spain": -4,
    "Spratly Islands": 111.55,
    "Sri Lanka": 81,
    "Sudan": 30,
    "Suriname": -56,
    "Svalbard": 20,
    "Swaziland": 31.3,
    "Sweden": 15,
    "Switzerland": 8,
    "Syria": 38,
    "Taiwan": 121,
    "Tajikistan": 71,
    "Tanzania": 35,
    "Thailand": 100,
    "The Bahamas": -76,
    "The Gambia": -16.34,
    "Togo": 1.1,
    "Tokelau": -172,
    "Tonga": -175,
    "Trinidad and Tobago": -61,
    "Tunisia": 9,
    "Turkey": 35,
    "Turkmenistan": 60,
    "Turks and Caicos Islands": -71.35,
    "Tuvalu": 178,
    "Uganda": 32,
    "Ukraine": 32,
    "UAE": 54,
    "UK": -2,
    "USA": -97,
    "Uruguay": -56,
    "Uzbekistan": 64,
    "Vanuatu": 167,
    "Venezuela": -66,
    "Vietnam": 107.5,
    "Virgin Islands": -64.5,
    "Wake Island": 166.39,
    "Wallis and Futuna": -176.12,
    "West Bank": 35.15,
    "Western Sahara": -13,
    "Yemen": 48,
    "Zambia": 30,
    "Zimbabwe": 30
  }
}
